adduct,ligand,ligand type,complex,halogen ligand,position,X2 species,Complex Energy (kJ/mol),Adduct Energy (kJ/mol),Bond Dissociation Energy (kJ/mol),Au-X' distance (Å),X-X' distance (Å),X'-Au-X angle (°),Au-X-X' angle (°),original_xx_length (Å),xx_length_in_adduct (Å),change_in_xx_length (Å),Total Bonding Energy (kJ/mol),Electrostatic Interaction (kJ/mol),Total Pauli Repulsion (kJ/mol),Total Orbital Interactions (kJ/mol),Dispersion Energy (kJ/mol),Total Interaction Energy (kJ/mol),Lowest Frequency (cm^-1),Homo Energy (kJ/mol),Lumo Energy (kJ/mol),Electronegativity,Hardness,Electrophilicity,Softness
PH3_Br_Au_Br,PH3,phosphine,PH3_Br,Br,Au,Br,-2351802.591,-4540584.17,-29.789,3.001,4.047,96.438,47.476,2.316,2.366,0.05,-43.346,-49.497,92.006,-69.245,-16.61,-43.35,114.18,-212.24,159.73,38.32,26.22,-17617.822,-3487.871,-10552.846,7064.976,7881.312,0.0
PH3_Br_Au_Cl,PH3,phosphine,PH3_Br,Br,Au,Cl,-2351802.591,-4768089.506,-21.009,3.039,4.261,102.516,44.115,2.024,2.062,0.038,-29.246,-34.016,65.814,-47.572,-13.431,-29.21,116.45,-225.31,162.86,45.98,23.14,-17617.822,-3487.871,-10552.846,7064.976,7881.312,0.0
PH3_Br_Au_I,PH3,phosphine,PH3_Br,Br,Au,I,-2351802.591,-3904685.114,-37.578,3.503,3.298,64.624,73.655,2.704,2.754,0.05,-45.857,-61.045,89.747,-57.697,-16.862,-45.86,133.11,-195.7,125.81,36.77,17.39,-17617.822,-3487.871,-10552.846,7064.976,7881.312,0.0
PH3_Br_X_Br,PH3,phosphine,PH3_Br,Br,X,Br,-2351802.591,-4540588.412,-34.032,3.515,3.072,58.909,78.523,2.316,2.372,0.057,-48.158,-54.141,84.015,-62.927,-15.104,-48.16,112.42,-174.45,130.66,31.36,9.29,-17617.822,-3487.871,-10552.846,7064.976,7881.312,0.0
PH3_Br_X_Cl,PH3,phosphine,PH3_Br,Br,X,Cl,-2351802.591,-4768092.53,-24.033,3.578,3.053,57.382,80.751,2.024,2.071,0.047,-34.141,-38.284,61.337,-45.982,-11.255,-34.18,112.01,-179.45,134.53,32.93,17.12,-17617.822,-3487.871,-10552.846,7064.976,7881.312,0.0
PH3_Br_X_I,PH3,phosphine,PH3_Br,Br,X,I,-2351802.591,-3904685.043,-37.507,3.547,3.278,63.325,75.215,2.704,2.755,0.051,-46.275,-60.417,88.659,-57.488,-17.029,-46.27,130.57,-191.61,124.24,36.8,10.44,-17617.822,-3487.871,-10552.846,7064.976,7881.312,0.0
PH3_Cl_Au_Br,PH3,phosphine,PH3_Cl,Cl,Au,Br,-2465582.056,-4654362.025,-28.18,2.998,3.972,96.769,48.549,2.316,2.363,0.047,-40.292,-47.447,90.709,-67.948,-15.648,-40.33,117.65,-224.92,168.48,38.8,32.65,-18694.761,-3408.998,-11051.88,7642.881,7990.707,0.0
PH3_Cl_Au_Cl,PH3,phosphine,PH3_Cl,Cl,Au,Cl,-2465582.056,-4881868.139,-20.177,3.036,4.119,100.662,46.421,2.024,2.059,0.035,-27.28,-32.886,64.601,-45.982,-13.012,-27.28,120.55,-236.81,168.56,47.7,30.05,-18694.761,-3408.998,-11051.88,7642.881,7990.707,0.0
PH3_Cl_Au_I,PH3,phosphine,PH3_Cl,Cl,Au,I,-2465582.056,-4018458.627,-31.627,3.193,3.953,90.954,53.863,2.704,2.744,0.04,-39.371,-53.179,87.78,-55.647,-18.326,-39.37,135.07,-222.96,141.34,46.55,16.74,-18694.761,-3408.998,-11051.88,7642.881,7990.707,0.0
PH3_Cl_X_Br,PH3,phosphine,PH3_Cl,Cl,X,Br,-2465582.056,-4654364.671,-30.826,3.568,2.976,56.059,84.029,2.316,2.359,0.043,-41.84,-49.58,74.057,-51.798,-14.518,-41.84,118.5,-177.0,123.8,34.7,14.15,-18694.761,-3408.998,-11051.88,7642.881,7990.707,0.0
PH3_Cl_X_Cl,PH3,phosphine,PH3_Cl,Cl,X,Cl,-2465582.056,-4881869.786,-21.824,3.597,2.977,55.542,84.983,2.024,2.058,0.034,-28.493,-34.518,52.677,-35.857,-10.795,-28.49,121.16,-184.9,125.86,37.89,4.69,-18694.761,-3408.998,-11051.88,7642.881,7990.707,0.0
PH3_Cl_X_I,PH3,phosphine,PH3_Cl,Cl,X,I,-2465582.056,-4018461.691,-34.691,3.574,3.178,61.015,79.589,2.704,2.743,0.04,-41.003,-56.149,79.831,-48.074,-16.569,-40.96,137.08,-194.9,117.37,40.45,11.53,-18694.761,-3408.998,-11051.88,7642.881,7990.707,0.0
PH3_I_Au_Br,PH3,phosphine,PH3_I,I,Au,Br,-2033825.055,-4222615.762,-38.918,3.543,3.176,60.0,75.03,2.316,2.395,0.08,-52.844,-59.538,100.625,-78.45,-15.481,-52.84,112.68,-190.43,148.47,29.3,10.64,-16436.861,-3557.886,-9997.374,6439.488,7760.515,0.0
PH3_I_Au_Cl,PH3,phosphine,PH3_I,I,Au,Cl,-2033825.055,-4450118.563,-27.602,3.634,3.132,57.552,78.274,2.024,2.095,0.071,-39.706,-44.016,78.492,-63.011,-11.171,-39.71,110.84,-197.66,158.68,28.13,7.16,-16436.861,-3557.886,-9997.374,6439.488,7760.515,0.0
PH3_I_Au_I,PH3,phosphine,PH3_I,I,Au,I,-2033825.055,-3586711.955,-41.956,3.457,3.435,67.409,68.328,2.704,2.771,0.067,-49.204,-68.618,107.11,-70.375,-17.322,-49.2,139.47,-217.7,143.04,35.21,18.15,-16436.861,-3557.886,-9997.374,6439.488,7760.515,0.0
PH3_I_X_Br,PH3,phosphine,PH3_I,I,X,Br,-2033825.055,-4222615.765,-38.922,3.485,3.186,61.173,73.352,2.316,2.394,0.078,-52.844,-60.668,102.257,-78.827,-15.606,-52.84,114.81,-193.52,149.18,29.53,11.33,-16436.861,-3557.886,-9997.374,6439.488,7760.515,0.0
PH3_I_X_Cl,PH3,phosphine,PH3_I,I,X,Cl,-2033825.055,-4450118.553,-27.593,3.633,3.136,57.661,78.189,2.024,2.096,0.072,-39.706,-43.597,77.739,-62.593,-11.213,-39.66,109.93,-196.01,157.82,28.27,10.77,-16436.861,-3557.886,-9997.374,6439.488,7760.515,0.0
PH3_I_X_I,PH3,phosphine,PH3_I,I,X,I,-2033825.055,-3586711.877,-41.879,3.472,3.433,67.128,68.71,2.704,2.77,0.066,-48.702,-67.237,105.688,-69.705,-17.447,-48.7,138.06,-217.02,143.13,35.83,5.54,-16436.861,-3557.886,-9997.374,6439.488,7760.515,0.0
PMe_Br_Au_Br,PMe,phosphine,PMe_Br,Br,Au,Br,-2455029.753,-4643817.131,-35.589,2.968,3.984,95.154,47.904,2.316,2.378,0.062,-51.714,-59.789,106.985,-78.827,-20.083,-51.71,115.62,-206.89,152.44,38.84,27.8,-17162.656,-3481.298,-10321.977,6840.679,7787.473,0.0
PMe_Br_Au_Cl,PMe,phosphine,PMe_Br,Br,Au,Cl,-2455029.753,-4871320.792,-25.133,3.02,3.679,84.526,54.796,2.024,2.066,0.041,-35.146,-39.706,71.128,-48.2,-18.41,-35.19,112.83,-202.13,136.97,52.32,11.27,-17162.656,-3481.298,-10321.977,6840.679,7787.473,0.0
PMe_Br_Au_I,PMe,phosphine,PMe_Br,Br,Au,I,-2455029.753,-4007919.192,-44.495,3.374,3.309,67.188,70.017,2.704,2.76,0.056,-53.764,-75.145,111.504,-67.906,-22.259,-53.81,139.65,-207.22,126.2,41.37,15.9,-17162.656,-3481.298,-10321.977,6840.679,7787.473,0.0
PMe_Br_X_Br,PMe,phosphine,PMe_Br,Br,X,Br,-2455029.753,-4643820.577,-39.035,3.347,3.064,61.602,73.968,2.316,2.381,0.066,-55.689,-66.484,102.466,-73.889,-17.782,-55.69,119.38,-183.99,132.68,31.93,6.92,-17162.656,-3481.298,-10321.977,6840.679,7787.473,0.0
PMe_Br_X_Cl,PMe,phosphine,PMe_Br,Br,X,Cl,-2455029.753,-4871322.927,-27.268,3.47,3.029,58.681,78.095,2.024,2.079,0.055,-39.371,-44.685,71.379,-53.513,-12.552,-39.37,113.5,-181.3,135.92,31.88,11.45,-17162.656,-3481.298,-10321.977,6840.679,7787.473,0.0
PMe_Br_X_I,PMe,phosphine,PMe_Br,Br,X,I,-2455029.753,-4007919.134,-44.437,3.357,3.343,68.355,68.98,2.704,2.76,0.056,-53.681,-73.973,109.202,-66.316,-22.594,-53.68,137.8,-203.43,123.54,42.09,14.35,-17162.656,-3481.298,-10321.977,6840.679,7787.473,0.0
PMe_Cl_Au_Br,PMe,phosphine,PMe_Cl,Cl,Au,Br,-2568809.69,-4757595.514,-34.035,2.963,3.925,96.048,48.642,2.316,2.373,0.058,-49.539,-59.162,106.985,-78.073,-19.246,-49.5,119.52,-216.13,157.72,38.88,32.66,-18209.946,-3442.362,-10826.154,7383.792,7936.681,0.0
PMe_Cl_Au_Cl,PMe,phosphine,PMe_Cl,Cl,Au,Cl,-2568809.69,-4985099.035,-23.439,2.988,3.691,87.825,53.983,2.024,2.065,0.041,-33.305,-39.079,72.969,-49.664,-17.573,-33.35,117.18,-218.8,148.92,52.69,13.48,-18209.946,-3442.362,-10826.154,7383.792,7936.681,0.0
PMe_Cl_Au_I,PMe,phosphine,PMe_Cl,Cl,Au,I,-2568809.69,-4121692.386,-37.751,3.17,3.821,87.361,55.96,2.704,2.749,0.045,-45.689,-60.082,98.324,-62.091,-21.882,-45.73,131.38,-215.01,135.78,47.85,3.36,-18209.946,-3442.362,-10826.154,7383.792,7936.681,0.0
PMe_Cl_X_Br,PMe,phosphine,PMe_Cl,Cl,X,Br,-2568809.69,-4757596.067,-34.587,3.506,2.957,56.728,82.489,2.316,2.365,0.049,-47.028,-55.48,82.216,-58.241,-15.523,-47.03,117.97,-174.82,123.84,33.01,5.09,-18209.946,-3442.362,-10826.154,7383.792,7936.681,0.0
PMe_Cl_X_Cl,PMe,phosphine,PMe_Cl,Cl,X,Cl,-2568809.69,-4985100.037,-24.441,3.519,2.961,56.612,82.903,2.024,2.063,0.039,-32.342,-38.451,58.576,-40.668,-11.757,-32.3,119.04,-181.35,125.91,36.4,9.79,-18209.946,-3442.362,-10826.154,7383.792,7936.681,0.0
PMe_Cl_X_I,PMe,phosphine,PMe_Cl,Cl,X,I,-2568809.69,-4121695.032,-40.397,3.381,3.225,65.905,73.157,2.704,2.748,0.044,-47.698,-69.998,100.5,-57.028,-21.171,-47.7,146.75,-210.69,119.56,44.38,14.9,-18209.946,-3442.362,-10826.154,7383.792,7936.681,0.0
PMe_I_Au_Br,PMe,phosphine,PMe_I,I,Au,Br,-2137051.825,-4325848.817,-45.204,3.28,3.193,64.52,68.014,2.316,2.41,0.094,-64.141,-77.613,128.281,-94.056,-20.711,-64.1,121.08,-200.13,146.73,32.31,23.68,-16010.987,-3537.953,-9774.47,6236.517,7659.745,0.0
PMe_I_Au_Cl,PMe,phosphine,PMe_I,I,Au,Cl,-2137051.825,-4553349.529,-31.798,3.362,3.14,62.031,71.027,2.024,2.108,0.084,-47.949,-54.057,94.307,-73.471,-14.728,-47.95,112.74,-196.68,153.22,30.72,9.38,-16010.987,-3537.953,-9774.47,6236.517,7659.745,0.0
PMe_I_Au_I,PMe,phosphine,PMe_I,I,Au,I,-2137051.825,-3689946.573,-49.804,3.361,3.436,68.988,65.924,2.704,2.782,0.078,-59.873,-84.182,131.252,-82.718,-24.225,-59.87,140.61,-219.23,138.16,40.46,18.83,-16010.987,-3537.953,-9774.47,6236.517,7659.745,0.0
PMe_I_X_Br,PMe,phosphine,PMe_I,I,X,Br,-2137051.825,-4325849.045,-45.431,3.293,3.175,63.854,68.619,2.316,2.413,0.097,-65.647,-79.914,132.842,-96.818,-21.757,-65.65,121.73,-202.35,147.48,33.14,21.33,-16010.987,-3537.953,-9774.47,6236.517,7659.745,0.0
PMe_I_X_Cl,PMe,phosphine,PMe_I,I,X,Cl,-2137051.825,-4553349.52,-31.79,3.36,3.139,62.038,70.997,2.024,2.108,0.084,-47.907,-54.183,94.642,-73.555,-14.77,-47.87,113.19,-197.71,153.66,30.85,10.92,-16010.987,-3537.953,-9774.47,6236.517,7659.745,0.0
PMe_I_X_I,PMe,phosphine,PMe_I,I,X,I,-2137051.825,-3689946.862,-50.094,3.367,3.454,69.346,65.799,2.704,2.779,0.075,-59.664,-80.793,124.683,-79.496,-24.058,-59.66,135.42,-208.99,133.25,40.33,13.32,-16010.987,-3537.953,-9774.47,6236.517,7659.745,0.0
PMe2_Br_Au_Br,PMe2,phosphine,PMe2_Br,Br,Au,Br,-2558260.337,-4747053.034,-40.908,2.922,4.013,97.17,46.258,2.316,2.388,0.073,-60.919,-71.254,125.687,-92.215,-23.179,-60.96,116.89,-206.18,151.27,38.02,28.77,-16817.441,-2782.01,-9799.726,7017.715,6842.3,0.0
PMe2_Br_Au_Cl,PMe2,phosphine,PMe2_Br,Br,Au,Cl,-2558260.337,-4974556.663,-30.42,2.888,4.051,99.335,44.703,2.024,2.089,0.065,-46.191,-57.195,106.106,-75.772,-19.33,-46.19,123.83,-229.72,164.04,41.85,32.08,-16817.441,-2782.01,-9799.726,7017.715,6842.3,0.0
PMe2_Br_Au_I,PMe2,phosphine,PMe2_Br,Br,Au,I,-2558260.337,-4111151.161,-45.88,3.149,3.779,84.428,56.046,2.704,2.76,0.056,-56.4,-75.647,117.654,-72.718,-25.648,-56.36,134.22,-208.75,129.02,45.51,15.93,-16817.441,-2782.01,-9799.726,7017.715,6842.3,0.0
PMe2_Br_X_Br,PMe2,phosphine,PMe2_Br,Br,X,Br,-2558260.337,-4747052.798,-40.673,3.352,3.049,61.12,74.303,2.316,2.385,0.069,-58.158,-68.952,105.73,-77.027,-17.908,-58.16,118.56,-181.79,132.44,30.79,4.32,-16817.441,-2782.01,-9799.726,7017.715,6842.3,0.0
PMe2_Br_X_Cl,PMe2,phosphine,PMe2_Br,Br,X,Cl,-2558260.337,-4974554.846,-28.604,3.475,3.008,58.035,78.592,2.024,2.084,0.06,-41.756,-47.154,75.312,-57.321,-12.552,-41.72,113.02,-180.52,137.39,30.09,6.71,-16817.441,-2782.01,-9799.726,7017.715,6842.3,0.0
PMe2_Br_X_I,PMe2,phosphine,PMe2_Br,Br,X,I,-2558260.337,-4111151.481,-46.2,3.371,3.289,66.679,70.261,2.704,2.764,0.06,-56.777,-79.705,116.943,-71.546,-22.51,-56.82,140.28,-205.81,125.92,39.62,9.71,-16817.441,-2782.01,-9799.726,7017.715,6842.3,0.0
PMe2_Cl_Au_Br,PMe2,phosphine,PMe2_Cl,Cl,Au,Br,-2672040.488,-4860831.671,-39.394,2.918,3.869,95.255,48.69,2.316,2.384,0.068,-57.739,-69.705,124.307,-90.04,-22.301,-57.74,120.72,-215.29,155.94,38.62,33.01,-17827.437,-2756.218,-10291.828,7535.61,7028.079,0.0
PMe2_Cl_Au_Cl,PMe2,phosphine,PMe2_Cl,Cl,Au,Cl,-2672040.488,-5088335.777,-29.383,2.879,3.894,97.161,47.182,2.024,2.086,0.062,-43.806,-56.4,105.772,-74.643,-18.535,-43.81,128.74,-241.43,170.38,42.31,37.07,-17827.437,-2756.218,-10291.828,7535.61,7028.079,0.0
PMe2_Cl_Au_I,PMe2,phosphine,PMe2_Cl,Cl,Au,I,-2672040.488,-4224924.603,-39.171,3.14,3.942,91.791,52.754,2.704,2.756,0.052,-49.246,-65.521,106.148,-68.032,-21.84,-49.24,133.06,-215.57,138.16,44.35,19.64,-17827.437,-2756.218,-10291.828,7535.61,7028.079,0.0
PMe2_Cl_X_Br,PMe2,phosphine,PMe2_Cl,Cl,X,Br,-2672040.488,-4860828.6,-36.322,3.46,2.944,57.246,81.298,2.316,2.368,0.053,-49.873,-60.375,88.91,-62.593,-15.816,-49.87,121.06,-178.28,125.51,31.71,3.6,-17827.437,-2756.218,-10291.828,7535.61,7028.079,0.0
PMe2_Cl_X_Cl,PMe2,phosphine,PMe2_Cl,Cl,X,Cl,-2672040.488,-5088331.999,-25.605,3.486,2.951,56.955,82.047,2.024,2.066,0.042,-34.267,-40.961,62.132,-43.388,-12.05,-34.27,119.52,-181.3,126.61,35.16,5.19,-17827.437,-2756.218,-10291.828,7535.61,7028.079,0.0
PMe2_Cl_X_I,PMe2,phosphine,PMe2_Cl,Cl,X,I,-2672040.488,-4224927.485,-42.052,3.388,3.2,65.097,73.784,2.704,2.751,0.047,-49.58,-71.756,102.173,-59.622,-20.418,-49.62,144.61,-205.91,120.16,41.15,9.98,-17827.437,-2756.218,-10291.828,7535.61,7028.079,0.0
PMe2_I_Au_Br,PMe2,phosphine,PMe2_I,I,Au,Br,-2240282.085,-4429077.575,-43.701,2.948,3.9,89.514,49.119,2.316,2.389,0.073,-63.304,-74.935,125.478,-89.161,-24.727,-63.35,118.29,-198.07,140.74,39.03,22.45,-15707.066,-2842.165,-9274.616,6432.451,6686.293,0.0
PMe2_I_Au_Cl,PMe2,phosphine,PMe2_I,I,Au,Cl,-2240282.085,-4656579.935,-31.944,2.881,4.079,96.54,44.571,2.024,2.095,0.071,-48.953,-59.748,109.077,-78.032,-20.251,-48.95,122.06,-222.83,159.41,41.37,29.95,-15707.066,-2842.165,-9274.616,6432.451,6686.293,0.0
PMe2_I_Au_I,PMe2,phosphine,PMe2_I,I,Au,I,-2240282.085,-3793177.949,-50.92,3.374,3.424,68.421,66.39,2.704,2.784,0.08,-61.086,-84.559,131.378,-83.847,-24.058,-61.09,138.42,-215.06,137.25,39.38,6.68,-15707.066,-2842.165,-9274.616,6432.451,6686.293,0.0
PMe2_I_X_Br,PMe2,phosphine,PMe2_I,I,X,Br,-2240282.085,-4429081.38,-47.506,3.3,3.163,63.437,68.915,2.316,2.413,0.098,-67.739,-81.546,134.599,-99.454,-21.338,-67.74,120.38,-198.7,146.82,31.5,11.94,-15707.066,-2842.165,-9274.616,6432.451,6686.293,0.0
PMe2_I_X_Cl,PMe2,phosphine,PMe2_I,I,X,Cl,-2240282.085,-4656581.188,-33.197,3.37,3.115,61.264,71.593,2.024,2.114,0.09,-50.585,-57.07,99.537,-78.366,-14.644,-50.54,112.92,-196.95,155.06,28.98,6.91,-15707.066,-2842.165,-9274.616,6432.451,6686.293,0.0
PMe2_I_X_I,PMe2,phosphine,PMe2_I,I,X,I,-2240282.085,-3793179.085,-52.056,3.349,3.424,68.831,65.81,2.704,2.785,0.081,-62.425,-88.533,137.026,-86.567,-24.351,-62.42,141.83,-219.52,138.68,39.01,6.83,-15707.066,-2842.165,-9274.616,6432.451,6686.293,0.0
PMe3_Br_Au_Br,PMe3,phosphine,PMe3_Br,Br,Au,Br,-2661494.08,-4850287.595,-41.726,2.9,3.991,96.927,46.167,2.316,2.392,0.077,-63.095,-74.559,131.461,-96.734,-23.263,-63.09,118.18,-208.37,153.33,36.87,26.56,-16521.522,-2018.922,-9270.222,7251.3,5925.628,0.0
PMe3_Br_Au_Cl,PMe3,phosphine,PMe3_Br,Br,Au,Cl,-2661494.08,-5077791.066,-31.08,2.852,4.029,99.463,44.28,2.024,2.097,0.073,-49.329,-61.881,115.227,-83.303,-19.372,-49.33,125.44,-233.58,168.87,39.27,29.33,-16521.522,-2018.922,-9270.222,7251.3,5925.628,0.0
PMe3_Br_Au_I,PMe3,phosphine,PMe3_Br,Br,Au,I,-2661494.08,-4214385.596,-46.571,3.131,3.817,85.89,54.898,2.704,2.763,0.06,-57.404,-76.023,120.374,-75.814,-25.983,-57.45,132.33,-209.53,131.97,45.23,17.13,-16521.522,-2018.922,-9270.222,7251.3,5925.628,0.0
PMe3_Br_X_Br,PMe3,phosphine,PMe3_Br,Br,X,Br,-2661494.08,-4850287.346,-41.477,3.481,3.022,58.223,78.317,2.316,2.388,0.073,-58.953,-65.229,99.412,-76.567,-16.569,-58.95,110.65,-168.64,129.88,28.11,3.49,-16521.522,-2018.922,-9270.222,7251.3,5925.628,0.0
PMe3_Br_X_Cl,PMe3,phosphine,PMe3_Br,Br,X,Cl,-2661494.08,-5077789.485,-29.5,3.463,3.0,58.025,78.349,2.024,2.087,0.063,-43.179,-48.576,77.822,-59.706,-12.719,-43.18,112.5,-180.23,138.27,29.46,2.69,-16521.522,-2018.922,-9270.222,7251.3,5925.628,0.0
PMe3_Br_X_I,PMe3,phosphine,PMe3_Br,Br,X,I,-2661494.08,-4214386.242,-47.217,3.386,3.271,65.932,70.906,2.704,2.767,0.063,-58.409,-80.709,117.612,-72.76,-22.51,-58.37,138.27,-201.49,124.65,38.56,4.57,-16521.522,-2018.922,-9270.222,7251.3,5925.628,0.0
PMe3_Cl_Au_Br,PMe3,phosphine,PMe3_Cl,Cl,Au,Br,-2775274.238,-4964066.716,-40.689,2.898,3.838,94.669,48.825,2.316,2.389,0.073,-60.082,-72.802,129.662,-94.475,-22.468,-60.08,121.18,-215.82,157.25,37.4,30.18,-17514.015,-2013.492,-9763.753,7750.262,6150.171,0.0
PMe3_Cl_Au_Cl,PMe3,phosphine,PMe3_Cl,Cl,Au,Cl,-2775274.238,-5191570.608,-30.464,2.849,3.862,96.786,47.106,2.024,2.092,0.068,-46.735,-60.71,113.637,-80.877,-18.786,-46.74,129.89,-243.13,173.04,40.19,30.89,-17514.015,-2013.492,-9763.753,7750.262,6150.171,0.0
PMe3_Cl_Au_I,PMe3,phosphine,PMe3_Cl,Cl,Au,I,-2775274.238,-4328163.497,-44.315,3.111,3.85,89.533,53.912,2.704,2.762,0.058,-54.601,-73.22,119.453,-75.521,-25.313,-54.6,134.1,-218.78,138.32,46.36,21.9,-17514.015,-2013.492,-9763.753,7750.262,6150.171,0.0
PMe3_Cl_X_Br,PMe3,phosphine,PMe3_Cl,Cl,X,Br,-2775274.238,-4964063.644,-37.617,3.449,2.931,57.091,81.175,2.316,2.371,0.055,-52.007,-63.304,93.094,-65.647,-16.108,-51.97,121.81,-179.13,126.32,30.99,5.36,-17514.015,-2013.492,-9763.753,7750.262,6150.171,0.0
PMe3_Cl_X_Cl,PMe3,phosphine,PMe3_Cl,Cl,X,Cl,-2775274.238,-5191566.68,-26.537,3.51,2.921,55.752,83.326,2.024,2.07,0.045,-36.317,-43.514,66.024,-46.861,-11.924,-36.28,119.94,-181.98,129.16,32.87,4.35,-17514.015,-2013.492,-9763.753,7750.262,6150.171,0.0
PMe3_Cl_X_I,PMe3,phosphine,PMe3_Cl,Cl,X,I,-2775274.238,-4328162.426,-43.244,3.407,3.172,63.967,74.824,2.704,2.753,0.05,-51.631,-73.764,104.014,-61.505,-20.376,-51.63,142.87,-201.46,119.13,39.47,2.83,-17514.015,-2013.492,-9763.753,7750.262,6150.171,0.0
PMe3_I_Au_Br,PMe3,phosphine,PMe3_I,I,Au,Br,-2343515.618,-4532311.855,-44.448,2.933,3.883,89.273,49.06,2.316,2.394,0.078,-64.894,-77.32,129.955,-92.676,-24.853,-64.89,119.16,-200.27,142.82,38.3,20.14,-15424.078,-2031.067,-8727.572,6696.505,5687.333,0.0
PMe3_I_Au_Cl,PMe3,phosphine,PMe3_I,I,Au,Cl,-2343515.618,-4759814.257,-32.734,2.852,4.057,96.441,44.321,2.024,2.099,0.075,-51.589,-63.513,115.813,-83.68,-20.251,-51.63,123.02,-224.31,162.08,39.22,28.0,-15424.078,-2031.067,-8727.572,6696.505,5687.333,0.0
PMe3_I_Au_I,PMe3,phosphine,PMe3_I,I,Au,I,-2343515.618,-3896413.479,-52.917,3.325,3.423,69.147,65.206,2.704,2.787,0.083,-63.932,-93.387,145.101,-89.621,-25.983,-63.89,146.17,-227.11,140.27,40.67,3.62,-15424.078,-2031.067,-8727.572,6696.505,5687.333,0.0
PMe3_I_X_Br,PMe3,phosphine,PMe3_I,I,X,Br,-2343515.618,-4532315.91,-48.503,3.333,3.147,62.503,69.965,2.316,2.417,0.101,-68.408,-80.835,133.219,-100.081,-20.669,-68.37,118.23,-194.85,146.38,30.23,0.38,-15424.078,-2031.067,-8727.572,6696.505,5687.333,0.0
PMe3_I_X_Cl,PMe3,phosphine,PMe3_I,I,X,Cl,-2343515.618,-4759815.785,-34.262,3.414,3.085,59.864,73.137,2.024,2.12,0.096,-52.593,-58.869,103.177,-82.801,-14.142,-52.63,111.85,-196.04,157.33,26.87,6.46,-15424.078,-2031.067,-8727.572,6696.505,5687.333,0.0
PMe3_I_X_I,PMe3,phosphine,PMe3_I,I,X,I,-2343515.618,-3896413.496,-52.935,3.392,3.391,67.28,67.309,2.704,2.786,0.083,-64.057,-88.031,135.436,-86.902,-24.602,-64.1,137.33,-211.29,135.57,38.38,4.32,-15424.078,-2031.067,-8727.572,6696.505,5687.333,0.0
PMe2Ph_Br_Au_Br,PMe2Ph,phosphine,PMe2Ph_Br,Br,Au,Br,-3164804.888,-5353598.116,-41.44,2.928,3.917,93.794,48.251,2.316,2.383,0.068,-60.668,-69.58,124.725,-87.99,-27.824,-60.67,114.69,-205.58,145.03,45.86,14.26,-16510.448,-4026.627,-10268.538,6241.91,8446.363,0.0
PMe2Ph_Br_Au_Cl,PMe2Ph,phosphine,PMe2Ph_Br,Br,Au,Cl,-3164804.888,-5581101.466,-30.672,2.882,3.966,96.55,46.21,2.024,2.087,0.063,-46.401,-56.107,106.525,-74.182,-22.594,-46.36,121.02,-229.78,160.01,48.74,16.98,-16510.448,-4026.627,-10268.538,6241.91,8446.363,0.0
PMe2Ph_Br_Au_I,PMe2Ph,phosphine,PMe2Ph_Br,Br,Au,I,-3164804.888,-4717703.922,-54.09,3.709,3.165,57.565,81.581,2.704,2.774,0.07,-69.078,-78.785,118.324,-78.91,-29.665,-69.04,114.12,-171.38,114.3,42.97,9.07,-16510.448,-4026.627,-10268.538,6241.91,8446.363,0.0
PMe2Ph_Br_X_Br,PMe2Ph,phosphine,PMe2Ph_Br,Br,X,Br,-3164804.888,-5353606.873,-50.197,3.528,2.958,55.871,80.82,2.316,2.399,0.083,-71.839,-78.199,126.817,-93.596,-26.861,-71.84,108.85,-176.53,130.28,37.39,9.4,-16510.448,-4026.627,-10268.538,6241.91,8446.363,0.0
PMe2Ph_Br_X_Cl,PMe2Ph,phosphine,PMe2Ph_Br,Br,X,Cl,-3164804.888,-5581107.692,-36.898,3.511,2.936,55.665,80.922,2.024,2.099,0.075,-54.936,-58.116,98.826,-74.559,-21.087,-54.94,105.78,-179.88,135.71,38.38,12.16,-16510.448,-4026.627,-10268.538,6241.91,8446.363,0.0
PMe2Ph_Br_X_I,PMe2Ph,phosphine,PMe2Ph_Br,Br,X,I,-3164804.888,-4717703.999,-54.167,3.666,3.16,58.213,80.497,2.704,2.775,0.071,-68.032,-80.668,123.595,-81.044,-29.916,-68.03,118.58,-181.68,119.13,43.97,8.83,-16510.448,-4026.627,-10268.538,6241.91,8446.363,0.0
PMe2Ph_Cl_Au_Br,PMe2Ph,phosphine,PMe2Ph_Cl,Cl,Au,Br,-3278584.863,-5467376.604,-39.952,2.926,3.858,94.59,49.112,2.316,2.381,0.066,-58.241,-68.283,123.846,-86.818,-26.945,-58.2,117.32,-212.79,149.17,46.3,14.62,-17495.94,-4024.983,-10760.462,6735.478,8595.347,0.0
PMe2Ph_Cl_Au_Cl,PMe2Ph,phosphine,PMe2Ph_Cl,Cl,Au,Cl,-3278584.863,-5694880.551,-29.782,2.884,3.899,97.07,47.236,2.024,2.085,0.061,-44.56,-55.312,105.353,-72.509,-22.092,-44.56,124.13,-236.43,162.72,49.58,17.49,-17495.94,-4024.983,-10760.462,6735.478,8595.347,0.0
PMe2Ph_Cl_Au_I,PMe2Ph,phosphine,PMe2Ph_Cl,Cl,Au,I,-3278584.863,-4831473.906,-44.099,3.133,3.831,88.405,54.836,2.704,2.756,0.052,-54.643,-69.162,114.683,-69.998,-30.125,-54.6,126.67,-210.04,128.2,55.17,11.67,-17495.94,-4024.983,-10760.462,6735.478,8595.347,0.0
PMe2Ph_Cl_X_Br,PMe2Ph,phosphine,PMe2Ph_Cl,Cl,X,Br,-3278584.863,-5467382.313,-45.661,3.491,2.888,55.249,83.265,2.316,2.378,0.063,-63.304,-71.965,112.299,-77.613,-26.024,-63.3,113.69,-177.41,122.61,41.11,10.91,-17495.94,-4024.983,-10760.462,6735.478,8595.347,0.0
PMe2Ph_Cl_X_Cl,PMe2Ph,phosphine,PMe2Ph_Cl,Cl,X,Cl,-3278584.863,-5694883.985,-33.216,3.475,2.894,55.725,82.821,2.024,2.076,0.052,-45.606,-50.459,81.839,-56.442,-20.543,-45.6,110.66,-179.47,123.78,45.05,12.97,-17495.94,-4024.983,-10760.462,6735.478,8595.347,0.0
PMe2Ph_Cl_X_I,PMe2Ph,phosphine,PMe2Ph_Cl,Cl,X,I,-3278584.863,-4831480.571,-50.764,3.635,3.064,56.884,83.541,2.704,2.76,0.056,-61.379,-77.571,115.688,-70.417,-29.037,-61.34,126.46,-188.6,114.8,47.34,10.08,-17495.94,-4024.983,-10760.462,6735.478,8595.347,0.0
PMe2Ph_I_Au_Br,PMe2Ph,phosphine,PMe2Ph_I,I,Au,Br,-2846826.65,-5035635.119,-56.679,3.626,3.067,56.1,78.876,2.316,2.429,0.114,-78.701,-83.303,144.097,-112.466,-27.029,-78.7,105.85,-183.1,142.9,34.34,9.34,-15428.222,-4044.345,-9736.284,5691.938,8327.149,0.0
PMe2Ph_I_Au_Cl,PMe2Ph,phosphine,PMe2Ph_I,I,Au,Cl,-2846826.65,-5263124.544,-31.988,2.891,4.038,94.923,45.505,2.024,2.09,0.065,-48.534,-57.279,106.148,-73.764,-23.64,-48.54,118.0,-218.68,151.97,48.7,16.24,-15428.222,-4044.345,-9736.284,5691.938,8327.149,0.0
PMe2Ph_I_Au_I,PMe2Ph,phosphine,PMe2Ph_I,I,Au,I,-2846826.65,-4399730.74,-59.145,3.747,3.293,59.207,77.769,2.704,2.796,0.092,-71.254,-81.462,133.553,-92.759,-30.585,-71.25,114.33,-187.44,130.19,42.93,5.67,-15428.222,-4044.345,-9736.284,5691.938,8327.149,0.0
PMe2Ph_I_X_Br,PMe2Ph,phosphine,PMe2Ph_I,I,X,Br,-2846826.65,-5035632.262,-53.823,3.49,3.095,58.85,74.776,2.316,2.424,0.108,-75.563,-83.178,142.8,-107.864,-27.322,-75.56,110.08,-188.99,142.75,36.16,7.41,-15428.222,-4044.345,-9736.284,5691.938,8327.149,0.0
PMe2Ph_I_X_Cl,PMe2Ph,phosphine,PMe2Ph_I,I,X,Cl,-2846826.65,-5263135.132,-42.576,3.585,3.006,55.39,79.019,2.024,2.139,0.115,-66.191,-68.492,125.897,-102.131,-21.506,-66.23,103.42,-190.09,154.21,32.47,11.35,-15428.222,-4044.345,-9736.284,5691.938,8327.149,0.0
PMe2Ph_I_X_I,PMe2Ph,phosphine,PMe2Ph_I,I,X,I,-2846826.65,-4399730.74,-59.146,3.745,3.293,59.233,77.728,2.704,2.796,0.092,-72.216,-82.634,133.846,-92.843,-30.627,-72.26,114.36,-185.23,128.48,42.38,5.96,-15428.222,-4044.345,-9736.284,5691.938,8327.149,0.0
PMePh2_Br_Au_Br,PMePh2,phosphine,PMePh2_Br,Br,Au,Br,-3668115.704,-5856915.518,-48.025,3.271,3.036,62.117,72.23,2.316,2.39,0.074,-70.082,-82.132,130.415,-87.697,-30.669,-70.08,117.2,-186.09,125.14,43.76,3.6,-16453.936,-4070.922,-10262.429,6191.507,8504.993,0.0
PMePh2_Br_Au_Cl,PMePh2,phosphine,PMePh2_Br,Br,Au,Cl,-3668115.704,-6084412.87,-31.26,2.917,3.806,90.557,50.027,2.024,2.081,0.056,-47.237,-54.685,102.759,-67.781,-27.489,-47.2,115.86,-217.71,143.6,58.24,7.79,-16453.936,-4070.922,-10262.429,6191.507,8504.993,0.0
PMePh2_Br_Au_I,PMePh2,phosphine,PMePh2_Br,Br,Au,I,-3668115.704,-5221016.019,-55.371,3.434,3.214,63.631,73.165,2.704,2.771,0.068,-68.367,-85.437,131.754,-81.295,-33.346,-68.32,125.05,-192.85,118.99,48.81,2.4,-16453.936,-4070.922,-10262.429,6191.507,8504.993,0.0
PMePh2_Br_X_Br,PMePh2,phosphine,PMePh2_Br,Br,X,Br,-3668115.704,-5856917.969,-50.476,3.532,2.956,55.759,80.961,2.316,2.398,0.083,-72.174,-78.115,126.189,-93.178,-27.029,-72.13,108.3,-174.95,129.18,37.47,4.34,-16453.936,-4070.922,-10262.429,6191.507,8504.993,0.0
PMePh2_Br_X_Cl,PMePh2,phosphine,PMePh2_Br,Br,X,Cl,-3668115.704,-6084418.725,-37.115,3.505,2.938,55.814,80.715,2.024,2.099,0.074,-55.312,-58.367,98.617,-74.224,-21.297,-55.27,105.6,-178.43,134.29,38.53,8.13,-16453.936,-4070.922,-10262.429,6191.507,8504.993,0.0
PMePh2_Br_X_I,PMePh2,phosphine,PMePh2_Br,Br,X,I,-3668115.704,-5221015.76,-55.112,3.557,3.181,60.669,77.084,2.704,2.774,0.07,-68.45,-80.919,124.307,-80.04,-31.757,-68.41,118.29,-181.71,117.0,46.42,4.82,-16453.936,-4070.922,-10262.429,6191.507,8504.993,0.0
PMePh2_Cl_Au_Br,PMePh2,phosphine,PMePh2_Cl,Cl,Au,Br,-3781895.417,-5970690.438,-43.232,2.911,3.869,95.358,48.498,2.316,2.383,0.068,-63.262,-74.099,134.348,-91.504,-31.966,-63.22,117.21,-212.51,144.74,50.56,13.02,-17427.782,-4070.493,-10749.137,6678.644,8650.255,0.0
PMePh2_Cl_Au_Cl,PMePh2,phosphine,PMePh2_Cl,Cl,Au,Cl,-3781895.417,-6198193.543,-32.22,2.866,3.924,98.425,46.259,2.024,2.088,0.064,-48.995,-60.668,114.934,-77.488,-25.773,-49.0,123.81,-234.56,158.14,52.6,15.55,-17427.782,-4070.493,-10749.137,6678.644,8650.255,0.0
PMePh2_Cl_Au_I,PMePh2,phosphine,PMePh2_Cl,Cl,Au,I,-3781895.417,-5334789.228,-48.866,3.137,3.732,85.249,56.881,2.704,2.753,0.05,-61.463,-79.119,127.486,-71.588,-38.2,-61.42,128.82,-207.56,116.55,62.19,10.63,-17427.782,-4070.493,-10749.137,6678.644,8650.255,0.0
PMePh2_Cl_X_Br,PMePh2,phosphine,PMePh2_Cl,Cl,X,Br,-3781895.417,-5970692.724,-45.517,3.437,2.908,56.737,81.247,2.316,2.376,0.06,-62.676,-70.249,109.328,-74.852,-26.903,-62.68,112.08,-174.42,119.42,42.92,6.47,-17427.782,-4070.493,-10749.137,6678.644,8650.255,0.0
PMePh2_Cl_X_Cl,PMePh2,phosphine,PMePh2_Cl,Cl,X,Cl,-3781895.417,-6198194.036,-32.713,3.434,2.912,56.923,81.221,2.024,2.074,0.049,-44.643,-49.246,79.831,-54.015,-21.213,-44.64,110.32,-178.83,121.0,47.52,8.27,-17427.782,-4070.493,-10749.137,6678.644,8650.255,0.0
PMePh2_Cl_X_I,PMePh2,phosphine,PMePh2_Cl,Cl,X,I,-3781895.417,-5334792.033,-51.672,3.499,3.096,60.246,78.916,2.704,2.759,0.055,-61.63,-79.161,118.658,-69.998,-31.129,-61.63,128.45,-192.53,113.58,50.51,3.11,-17427.782,-4070.493,-10749.137,6678.644,8650.255,0.0
PMePh2_I_Au_Br,PMePh2,phosphine,PMePh2_I,I,Au,Br,-3350137.842,-5538945.18,-55.549,3.301,3.138,62.744,69.269,2.316,2.42,0.104,-80.835,-91.128,154.473,-108.449,-35.731,-80.83,112.74,-191.11,134.17,44.21,12.05,-15382.784,-4095.855,-9739.32,5643.464,8403.912,0.0
PMePh2_I_Au_Cl,PMePh2,phosphine,PMePh2_I,I,Au,Cl,-3350137.842,-5766443.971,-40.223,3.368,3.059,59.972,72.363,2.024,2.133,0.109,-64.308,-67.781,121.545,-94.977,-23.138,-64.35,105.33,-188.88,147.59,35.96,6.15,-15382.784,-4095.855,-9739.32,5643.464,8403.912,0.0
PMePh2_I_Au_I,PMePh2,phosphine,PMePh2_I,I,Au,I,-3350137.842,-4903041.137,-58.351,3.514,3.373,64.853,70.592,2.704,2.784,0.08,-72.383,-82.592,129.662,-83.471,-35.941,-72.34,114.17,-179.24,115.39,49.68,1.41,-15382.784,-4095.855,-9739.32,5643.464,8403.912,0.0
PMePh2_I_X_Br,PMePh2,phosphine,PMePh2_I,I,X,Br,-3350137.842,-5538946.209,-56.579,3.53,3.078,57.841,76.141,2.316,2.428,0.113,-78.952,-83.554,144.766,-111.462,-28.66,-78.91,105.89,-183.46,141.25,36.32,5.3,-15382.784,-4095.855,-9739.32,5643.464,8403.912,0.0
PMePh2_I_X_Cl,PMePh2,phosphine,PMePh2_I,I,X,Cl,-3350137.842,-5766446.601,-42.854,3.577,3.006,55.519,78.792,2.024,2.139,0.115,-66.233,-68.534,126.231,-102.173,-21.757,-66.23,103.48,-190.59,154.27,32.85,8.01,-15382.784,-4095.855,-9739.32,5643.464,8403.912,0.0
PMePh2_I_X_I,PMePh2,phosphine,PMePh2_I,I,X,I,-3350137.842,-4903041.023,-58.237,3.5,3.379,65.243,70.136,2.704,2.784,0.08,-71.588,-82.216,129.537,-82.885,-36.024,-71.59,114.84,-180.94,115.78,50.32,5.24,-15382.784,-4095.855,-9739.32,5643.464,8403.912,0.0
PPh3_Br_Au_Br,PPh3,phosphine,PPh3_Br,Br,Au,Br,-4171433.092,-6360228.671,-43.79,2.958,3.769,88.45,51.674,2.316,2.377,0.061,-61.547,-67.028,122.508,-81.421,-35.606,-61.55,108.9,-199.04,132.28,57.85,10.1,-16379.135,-3958.184,-10168.66,6210.476,8324.776,0.0
PPh3_Br_Au_Cl,PPh3,phosphine,PPh3_Br,Br,Au,Cl,-4171433.092,-6587731.129,-32.132,2.895,3.879,93.367,48.168,2.024,2.083,0.059,-46.652,-54.35,106.023,-70.71,-27.614,-46.65,116.51,-227.27,151.58,59.19,14.49,-16379.135,-3958.184,-10168.66,6210.476,8324.776,0.0
PPh3_Br_Au_I,PPh3,phosphine,PPh3_Br,Br,Au,I,-4171433.092,-5724332.768,-54.732,3.323,3.317,68.194,68.449,2.704,2.76,0.056,-65.48,-86.065,136.189,-73.68,-41.924,-65.48,131.44,-207.99,112.52,64.03,7.42,-16379.135,-3958.184,-10168.66,6210.476,8324.776,0.0
PPh3_Br_X_Br,PPh3,phosphine,PPh3_Br,Br,X,Br,-4171433.092,-6360235.119,-50.239,3.511,2.964,56.298,80.226,2.316,2.397,0.082,-72.048,-77.027,123.888,-91.504,-27.447,-72.09,106.85,-171.85,126.93,38.07,6.04,-16379.135,-3958.184,-10168.66,6210.476,8324.776,0.0
PPh3_Br_X_Cl,PPh3,phosphine,PPh3_Br,Br,X,Cl,-4171433.092,-6587735.618,-36.621,3.465,2.955,56.901,79.239,2.024,2.097,0.072,-54.476,-57.028,96.023,-71.588,-21.882,-54.47,104.7,-176.29,131.43,40.17,8.73,-16379.135,-3958.184,-10168.66,6210.476,8324.776,0.0
PPh3_Br_X_I,PPh3,phosphine,PPh3_Br,Br,X,I,-4171433.092,-5724332.331,-54.295,3.463,3.239,63.737,73.503,2.704,2.765,0.061,-64.978,-78.576,122.508,-73.597,-35.313,-64.98,120.92,-188.53,113.26,54.34,3.25,-16379.135,-3958.184,-10168.66,6210.476,8324.776,0.0
PPh3_Cl_Au_Br,PPh3,phosphine,PPh3_Cl,Cl,Au,Br,-4285212.66,-6474006.323,-41.874,2.941,3.765,91.137,51.348,2.316,2.376,0.061,-59.162,-66.316,124.097,-82.425,-34.476,-59.12,112.17,-209.91,139.42,58.32,10.17,-17348.98,-3951.897,-10650.438,6698.541,8466.906,0.0
PPh3_Cl_Au_Cl,PPh3,phosphine,PPh3_Cl,Cl,Au,Cl,-4285212.66,-6701507.023,-28.458,2.907,3.829,94.079,49.223,2.024,2.078,0.054,-44.518,-52.133,102.508,-67.111,-27.782,-44.52,117.1,-230.25,150.74,62.4,15.27,-17348.98,-3951.897,-10650.438,6698.541,8466.906,0.0
PPh3_Cl_Au_I,PPh3,phosphine,PPh3_Cl,Cl,Au,I,-4285212.66,-5838107.941,-50.337,3.32,3.257,67.819,70.743,2.704,2.746,0.042,-58.534,-79.914,122.842,-61.337,-40.125,-58.53,136.54,-209.88,104.8,68.55,4.46,-17348.98,-3951.897,-10650.438,6698.541,8466.906,0.0
PPh3_Cl_X_Br,PPh3,phosphine,PPh3_Cl,Cl,X,Br,-4285212.66,-6474010.218,-45.769,3.461,2.896,56.002,82.2,2.316,2.377,0.062,-63.513,-71.212,110.29,-75.856,-26.736,-63.51,112.13,-173.66,119.44,42.1,6.35,-17348.98,-3951.897,-10650.438,6698.541,8466.906,0.0
PPh3_Cl_X_I,PPh3,phosphine,PPh3_Cl,Cl,X,I,-4285212.66,-5838108.294,-50.69,3.46,3.139,62.082,76.929,2.704,2.753,0.049,-59.162,-75.814,114.474,-64.099,-33.723,-59.16,128.15,-193.5,108.35,57.0,4.4,-17348.98,-3951.897,-10650.438,6698.541,8466.906,0.0
PPh3_I_Au_Br,PPh3,phosphine,PPh3_I,I,Au,Br,-3853455.626,-6042260.919,-53.504,3.257,3.182,64.49,67.486,2.316,2.411,0.095,-79.329,-88.826,148.239,-100.207,-38.535,-79.33,111.97,-186.86,126.32,48.58,13.72,-15314.913,-3963.756,-9639.334,5675.579,8185.664,0.0
PPh3_I_Au_Cl,PPh3,phosphine,PPh3_I,I,Au,Cl,-3853455.626,-6269763.687,-42.155,3.547,3.015,56.199,77.826,2.024,2.136,0.112,-65.229,-67.07,123.679,-99.579,-22.217,-65.19,102.88,-189.72,152.75,34.08,7.28,-15314.913,-3963.756,-9639.334,5675.579,8185.664,0.0
PPh3_I_Au_I,PPh3,phosphine,PPh3_I,I,Au,I,-3853455.626,-5406361.54,-60.97,3.349,3.421,68.703,65.776,2.704,2.779,0.075,-76.316,-97.529,154.39,-87.738,-45.438,-76.32,127.79,-202.29,114.96,59.54,8.61,-15314.913,-3963.756,-9639.334,5675.579,8185.664,0.0
PPh3_I_X_Br,PPh3,phosphine,PPh3_I,I,X,Br,-3853455.626,-6042264.136,-56.721,3.553,3.075,57.424,76.8,2.316,2.429,0.113,-79.454,-84.015,144.683,-111.629,-28.451,-79.41,105.8,-182.2,140.57,35.83,3.81,-15314.913,-3963.756,-9639.334,5675.579,8185.664,0.0
PPh3_I_X_Cl,PPh3,phosphine,PPh3_I,I,X,Cl,-3853455.626,-6269763.705,-42.174,3.522,3.017,56.628,77.116,2.024,2.137,0.113,-65.772,-67.906,124.558,-99.914,-22.51,-65.77,103.25,-189.38,151.91,34.23,8.7,-15314.913,-3963.756,-9639.334,5675.579,8185.664,0.0
PPh3_I_X_I,PPh3,phosphine,PPh3_I,I,X,I,-3853455.626,-5406361.531,-60.961,3.343,3.421,68.792,65.63,2.704,2.78,0.076,-72.885,-94.642,155.687,-88.617,-45.313,-72.88,129.86,-213.62,121.59,62.17,11.52,-15314.913,-3963.756,-9639.334,5675.579,8185.664,0.0
PiPr_Br_Au_Br,PiPr,phosphine,PiPr_Br,Br,Au,Br,-2661421.838,-4850208.238,-34.611,2.975,3.919,92.858,49.299,2.316,2.374,0.058,-51.463,-57.112,103.721,-75.061,-23.012,-51.46,110.98,-201.56,145.86,44.72,15.7,-17021.269,-3113.293,-10067.281,6953.988,7287.196,0.0
PiPr_Br_Au_Cl,PiPr,phosphine,PiPr_Br,Br,Au,Cl,-2661421.838,-5077712.808,-25.065,2.949,3.97,95.098,47.727,2.024,2.072,0.048,-36.694,-43.388,83.094,-57.948,-18.451,-36.69,118.26,-226.48,157.94,50.29,18.02,-17021.269,-3113.293,-10067.281,6953.988,7287.196,0.0
PiPr_Br_Au_I,PiPr,phosphine,PiPr_Br,Br,Au,I,-2661421.838,-4214318.582,-51.8,3.48,3.222,63.057,74.321,2.704,2.765,0.061,-62.844,-81.379,127.486,-76.902,-32.008,-62.8,129.58,-203.0,122.46,50.97,20.82,-17021.269,-3113.293,-10067.281,6953.988,7287.196,0.0
PiPr_Br_X_Br,PiPr,phosphine,PiPr_Br,Br,X,Br,-2661421.838,-4850220.528,-46.901,3.376,3.025,60.143,75.378,2.316,2.386,0.071,-66.735,-74.81,120.29,-83.806,-28.409,-66.73,112.11,-180.26,125.59,42.57,23.65,-17021.269,-3113.293,-10067.281,6953.988,7287.196,0.0
PiPr_Br_X_Cl,PiPr,phosphine,PiPr_Br,Br,X,Cl,-2661421.838,-5077721.471,-33.727,3.359,3.042,60.909,74.745,2.024,2.081,0.057,-47.823,-51.463,85.605,-59.789,-22.217,-47.86,107.53,-178.87,124.92,46.42,21.51,-17021.269,-3113.293,-10067.281,6953.988,7287.196,0.0
PiPr_Br_X_I,PiPr,phosphine,PiPr_Br,Br,X,I,-2661421.838,-4214317.848,-51.066,3.471,3.241,63.691,73.74,2.704,2.764,0.06,-61.965,-79.329,124.39,-75.145,-31.84,-61.92,128.12,-200.89,121.36,51.42,20.27,-17021.269,-3113.293,-10067.281,6953.988,7287.196,0.0
PiPr_Cl_Au_Br,PiPr,phosphine,PiPr_Cl,Cl,Au,Br,-2775201.783,-4963986.635,-33.063,2.983,3.864,93.417,50.418,2.316,2.371,0.055,-48.869,-54.852,100.374,-71.923,-22.468,-48.87,112.24,-205.39,147.17,45.98,18.38,-18050.27,-3082.858,-10566.564,7483.706,7459.691,0.0
PiPr_Cl_Au_Cl,PiPr,phosphine,PiPr_Cl,Cl,Au,Cl,-2775201.783,-5191491.884,-24.195,2.95,3.904,95.589,48.775,2.024,2.071,0.047,-35.229,-42.886,83.387,-57.07,-18.661,-35.23,121.73,-236.69,161.99,52.97,23.77,-18050.27,-3082.858,-10566.564,7483.706,7459.691,0.0
PiPr_Cl_Au_I,PiPr,phosphine,PiPr_Cl,Cl,Au,I,-2775201.783,-4328083.08,-36.353,3.171,3.881,89.135,54.783,2.704,2.75,0.046,-46.484,-55.982,93.22,-60.25,-23.514,-46.53,120.31,-200.34,129.49,50.54,12.28,-18050.27,-3082.858,-10566.564,7483.706,7459.691,0.0
PiPr_Cl_X_Br,PiPr,phosphine,PiPr_Cl,Cl,X,Br,-2775201.783,-4963995.65,-42.078,3.361,2.96,59.498,78.037,2.316,2.367,0.052,-57.823,-67.697,105.186,-68.534,-26.819,-57.86,117.0,-181.79,118.45,46.35,23.07,-18050.27,-3082.858,-10566.564,7483.706,7459.691,0.0
PiPr_Cl_X_Cl,PiPr,phosphine,PiPr_Cl,Cl,X,Cl,-2775201.783,-5191497.69,-30.001,3.348,2.983,60.353,77.329,2.024,2.064,0.04,-40.752,-47.237,74.559,-46.61,-21.506,-40.79,115.81,-182.79,114.27,52.72,22.7,-18050.27,-3082.858,-10566.564,7483.706,7459.691,0.0
PiPr_Cl_X_I,PiPr,phosphine,PiPr_Cl,Cl,X,I,-2775201.783,-4328094.314,-47.587,3.454,3.137,62.19,76.853,2.704,2.75,0.046,-56.107,-78.492,119.704,-66.191,-31.129,-56.11,139.89,-213.34,117.97,55.48,18.88,-18050.27,-3082.858,-10566.564,7483.706,7459.691,0.0
PiPr_I_Au_Br,PiPr,phosphine,PiPr_I,I,Au,Br,-2343444.234,-4532249.226,-53.203,3.441,3.124,60.342,73.163,2.316,2.414,0.099,-74.559,-80.458,138.03,-102.55,-29.581,-74.56,107.91,-185.13,137.54,39.67,23.01,-15901.964,-3162.16,-9532.062,6369.902,7131.994,0.0
PiPr_I_Au_Cl,PiPr,phosphine,PiPr_I,I,Au,Cl,-2343444.234,-4759749.063,-38.924,3.422,3.079,59.653,73.545,2.024,2.121,0.096,-60.417,-63.137,113.177,-87.069,-23.389,-60.42,104.5,-187.32,144.11,38.71,24.33,-15901.964,-3162.16,-9532.062,6369.902,7131.994,0.0
PiPr_I_Au_I,PiPr,phosphine,PiPr_I,I,Au,I,-2343444.234,-3896345.985,-56.807,3.517,3.349,64.279,71.09,2.704,2.785,0.081,-67.362,-84.266,139.871,-89.412,-33.556,-67.36,125.1,-207.65,132.74,49.82,21.49,-15901.964,-3162.16,-9532.062,6369.902,7131.994,0.0
PiPr_I_X_Br,PiPr,phosphine,PiPr_I,I,X,Br,-2343444.234,-4532249.254,-53.232,3.436,3.124,60.427,73.015,2.316,2.416,0.1,-74.015,-80.249,139.118,-103.01,-29.916,-74.06,108.36,-187.84,139.09,40.39,24.15,-15901.964,-3162.16,-9532.062,6369.902,7131.994,0.0
PiPr_I_X_Cl,PiPr,phosphine,PiPr_I,I,X,Cl,-2343444.234,-4759749.044,-38.905,3.413,3.083,59.878,73.24,2.024,2.118,0.094,-59.999,-63.137,113.47,-86.609,-23.723,-60.0,105.23,-189.12,144.35,39.54,23.35,-15901.964,-3162.16,-9532.062,6369.902,7131.994,0.0
PiPr_I_X_I,PiPr,phosphine,PiPr_I,I,X,I,-2343444.234,-3896345.869,-56.692,3.535,3.341,63.778,71.69,2.704,2.786,0.082,-67.362,-84.057,140.248,-89.789,-33.765,-67.36,124.79,-208.21,133.3,50.13,18.47,-15901.964,-3162.16,-9532.062,6369.902,7131.994,0.0
PtBu_Br_Au_Br,PtBu,phosphine,PtBu_Br,Br,Au,Br,-2764619.958,-4953407.166,-35.419,2.961,3.951,94.227,48.362,2.316,2.376,0.061,-51.965,-57.321,106.023,-77.697,-22.97,-51.96,110.32,-204.05,149.53,44.21,5.25,-16997.05,-2871.814,-9934.432,7062.618,6986.994,0.0
PtBu_Br_Au_Cl,PtBu,phosphine,PtBu_Br,Br,Au,Cl,-2764619.958,-5180911.979,-26.115,2.95,4.005,96.212,47.067,2.024,2.074,0.05,-37.572,-44.35,85.354,-58.994,-19.623,-37.61,117.92,-226.94,156.86,52.17,24.03,-16997.05,-2871.814,-9934.432,7062.618,6986.994,0.0
PtBu_Br_Au_I,PtBu,phosphine,PtBu_Br,Br,Au,I,-2764619.958,-4317517.496,-52.594,3.504,3.215,62.454,75.103,2.704,2.766,0.062,-65.856,-82.467,125.646,-77.027,-32.049,-65.9,125.14,-190.66,116.88,48.63,21.38,-16997.05,-2871.814,-9934.432,7062.618,6986.994,0.0
PtBu_Br_X_Br,PtBu,phosphine,PtBu_Br,Br,X,Br,-2764619.958,-4953419.501,-47.754,3.381,3.018,59.863,75.684,2.316,2.387,0.071,-67.781,-75.647,121.294,-84.935,-28.451,-67.74,111.67,-179.06,125.38,42.0,22.29,-16997.05,-2871.814,-9934.432,7062.618,6986.994,0.0
PtBu_Br_X_Cl,PtBu,phosphine,PtBu_Br,Br,X,Cl,-2764619.958,-5180920.173,-34.309,3.38,3.003,59.574,76.052,2.024,2.085,0.061,-50.501,-55.312,92.09,-64.392,-22.886,-50.5,109.53,-182.36,127.51,45.32,21.49,-16997.05,-2871.814,-9934.432,7062.618,6986.994,0.0
PtBu_Br_X_I,PtBu,phosphine,PtBu_Br,Br,X,I,-2764619.958,-4317517.555,-52.652,3.478,3.221,63.059,74.295,2.704,2.765,0.062,-63.178,-81.295,127.905,-77.571,-32.175,-63.14,128.75,-202.57,122.86,50.96,21.05,-16997.05,-2871.814,-9934.432,7062.618,6986.994,0.0
PtBu_Cl_Au_Br,PtBu,phosphine,PtBu_Cl,Cl,Au,Br,-2878400.24,-5067185.434,-33.405,2.985,3.864,93.365,50.461,2.316,2.371,0.056,-49.455,-54.936,100.542,-72.007,-23.054,-49.46,111.07,-203.28,145.59,46.61,13.66,-18001.974,-2872.814,-10437.394,7564.58,7200.611,0.0
PtBu_Cl_Au_Cl,PtBu,phosphine,PtBu_Cl,Cl,Au,Cl,-2878400.24,-5294690.761,-24.615,2.945,3.91,95.916,48.527,2.024,2.073,0.048,-35.815,-43.472,84.517,-58.074,-18.786,-35.82,121.36,-235.95,162.13,52.45,21.0,-18001.974,-2872.814,-10437.394,7564.58,7200.611,0.0
PtBu_Cl_Au_I,PtBu,phosphine,PtBu_Cl,Cl,Au,I,-2878400.24,-4431282.096,-36.912,3.168,3.899,89.78,54.326,2.704,2.75,0.047,-47.572,-57.153,94.809,-61.17,-24.1,-47.61,120.04,-199.14,128.48,50.62,13.16,-18001.974,-2872.814,-10437.394,7564.58,7200.611,0.0
PtBu_Cl_X_Br,PtBu,phosphine,PtBu_Cl,Cl,X,Br,-2878400.24,-5067194.536,-42.507,3.351,2.957,59.609,77.784,2.316,2.369,0.053,-59.915,-70.5,108.282,-69.873,-27.824,-59.92,117.66,-180.71,116.61,46.44,23.44,-18001.974,-2872.814,-10437.394,7564.58,7200.611,0.0
PtBu_Cl_X_Cl,PtBu,phosphine,PtBu_Cl,Cl,X,Cl,-2878400.24,-5294696.599,-30.454,3.352,2.983,60.301,77.414,2.024,2.065,0.041,-41.798,-47.447,74.684,-47.028,-22.008,-41.8,113.51,-178.67,112.51,52.65,25.53,-18001.974,-2872.814,-10437.394,7564.58,7200.611,0.0
PtBu_Cl_X_I,PtBu,phosphine,PtBu_Cl,Cl,X,I,-2878400.24,-4431293.367,-48.183,3.454,3.135,62.139,76.864,2.704,2.75,0.047,-57.488,-79.663,120.499,-66.86,-31.464,-57.49,138.57,-209.6,116.3,54.73,17.03,-18001.974,-2872.814,-10437.394,7564.58,7200.611,0.0
PtBu_I_Au_Br,PtBu,phosphine,PtBu_I,I,Au,Br,-2446642.46,-4635448.195,-53.946,3.442,3.122,60.277,73.214,2.316,2.415,0.1,-76.065,-81.672,138.951,-103.428,-29.916,-76.06,107.38,-182.69,135.98,39.33,22.18,-15847.167,-3010.272,-9428.72,6418.448,6925.409,0.0
PtBu_I_Au_Cl,PtBu,phosphine,PtBu_I,I,Au,Cl,-2446642.46,-4862947.952,-39.586,3.428,3.074,59.425,73.775,2.024,2.122,0.098,-61.17,-63.68,115.102,-88.533,-24.016,-61.13,104.17,-188.29,144.83,39.29,20.86,-15847.167,-3010.272,-9428.72,6418.448,6925.409,0.0
PtBu_I_Au_I,PtBu,phosphine,PtBu_I,I,Au,I,-2446642.46,-3999545.029,-57.624,3.517,3.348,64.234,71.128,2.704,2.786,0.082,-70.249,-86.902,140.917,-90.207,-34.016,-70.21,123.77,-200.71,128.48,48.45,22.24,-15847.167,-3010.272,-9428.72,6418.448,6925.409,0.0
PtBu_I_X_Br,PtBu,phosphine,PtBu_I,I,X,Br,-2446642.46,-4635448.191,-53.941,3.442,3.122,60.269,73.212,2.316,2.416,0.1,-74.852,-80.626,139.662,-103.638,-30.25,-74.85,107.72,-186.59,138.46,40.41,22.23,-15847.167,-3010.272,-9428.72,6418.448,6925.409,0.0
PtBu_I_X_Cl,PtBu,phosphine,PtBu_I,I,X,Cl,-2446642.46,-4862947.917,-39.551,3.421,3.085,59.787,73.424,2.024,2.118,0.094,-59.957,-62.091,112.466,-86.525,-23.765,-59.92,103.62,-187.69,144.4,39.66,21.06,-15847.167,-3010.272,-9428.72,6418.448,6925.409,0.0
PtBu_I_X_I,PtBu,phosphine,PtBu_I,I,X,I,-2446642.46,-3999545.013,-57.608,3.52,3.345,64.142,71.22,2.704,2.786,0.082,-70.459,-87.278,141.252,-90.374,-34.058,-70.46,123.87,-200.47,128.26,48.34,21.71,-15847.167,-3010.272,-9428.72,6418.448,6925.409,0.0
PcHex_Br_Au_Br,PcHex,phosphine,PcHex_Br,Br,Au,Br,-2967845.755,-5156645.086,-47.543,3.358,3.037,60.73,74.696,2.316,2.387,0.072,-66.777,-73.513,116.985,-82.634,-27.614,-66.78,110.08,-175.18,123.74,41.35,2.8,-16910.46,-2724.212,-9817.336,7093.124,6793.91,0.0
PcHex_Br_Au_Cl,PcHex,phosphine,PcHex_Br,Br,Au,Cl,-2967845.755,-5384146.075,-34.414,3.398,3.021,59.706,76.206,2.024,2.085,0.061,-48.744,-51.672,85.898,-61.337,-21.673,-48.78,105.93,-176.09,125.74,44.43,11.66,-16910.46,-2724.212,-9817.336,7093.124,6793.91,0.0
PcHex_Br_Au_I,PcHex,phosphine,PcHex_Br,Br,Au,I,-2967845.755,-4520744.716,-54.017,3.38,3.293,66.627,70.451,2.704,2.764,0.061,-66.693,-82.216,124.683,-75.27,-33.849,-66.65,123.35,-187.07,112.93,50.79,11.81,-16910.46,-2724.212,-9817.336,7093.124,6793.91,0.0
PcHex_Br_X_Br,PcHex,phosphine,PcHex_Br,Br,X,Br,-2967845.755,-5156644.602,-47.059,3.311,3.066,62.25,72.88,2.316,2.386,0.07,-67.781,-73.889,116.022,-81.421,-28.535,-67.82,108.95,-171.07,120.05,42.07,10.9,-16910.46,-2724.212,-9817.336,7093.124,6793.91,0.0
PcHex_Br_X_Cl,PcHex,phosphine,PcHex_Br,Br,X,Cl,-2967845.755,-5384146.024,-34.364,3.417,3.006,59.004,77.013,2.024,2.087,0.063,-49.497,-52.718,88.115,-62.927,-21.924,-49.45,106.61,-178.19,127.25,44.34,12.02,-16910.46,-2724.212,-9817.336,7093.124,6793.91,0.0
PcHex_Br_X_I,PcHex,phosphine,PcHex_Br,Br,X,I,-2967845.755,-4520744.722,-54.023,3.381,3.289,66.503,70.529,2.704,2.765,0.061,-68.032,-84.057,126.231,-75.898,-34.351,-68.08,123.47,-185.42,111.48,50.46,12.96,-16910.46,-2724.212,-9817.336,7093.124,6793.91,0.0
PcHex_Cl_Au_Br,PcHex,phosphine,PcHex_Cl,Cl,Au,Br,-3081625.913,-5270420.334,-42.632,3.371,2.956,59.207,78.418,2.316,2.369,0.053,-57.865,-66.233,103.094,-68.367,-26.359,-57.87,114.45,-178.15,118.14,45.55,9.67,-17912.312,-2720.854,-10316.583,7595.729,7006.035,0.0
PcHex_Cl_Au_Cl,PcHex,phosphine,PcHex_Cl,Cl,Au,Cl,-3081625.913,-5497920.498,-28.68,3.002,3.681,87.114,54.524,2.024,2.066,0.042,-40.334,-43.472,79.998,-51.714,-25.146,-40.33,107.79,-198.36,128.23,62.35,18.18,-17912.312,-2720.854,-10316.583,7595.729,7006.035,0.0
PcHex_Cl_Au_I,PcHex,phosphine,PcHex_Cl,Cl,Au,I,-3081625.913,-4634520.076,-49.219,3.448,3.16,62.912,76.266,2.704,2.752,0.048,-58.618,-74.475,110.29,-63.806,-30.627,-58.62,127.05,-188.14,108.85,52.25,5.58,-17912.312,-2720.854,-10316.583,7595.729,7006.035,0.0
PcHex_Cl_X_Br,PcHex,phosphine,PcHex_Cl,Cl,X,Br,-3081625.913,-5270420.266,-42.565,3.36,2.963,59.581,77.955,2.316,2.368,0.053,-57.907,-66.567,103.261,-68.157,-26.485,-57.95,114.87,-178.19,117.61,45.7,9.34,-17912.312,-2720.854,-10316.583,7595.729,7006.035,0.0
PcHex_Cl_X_Cl,PcHex,phosphine,PcHex_Cl,Cl,X,Cl,-3081625.913,-5497922.169,-30.35,3.377,2.955,59.116,78.73,2.024,2.068,0.044,-40.334,-46.903,75.354,-48.618,-20.167,-40.33,116.3,-186.84,120.55,50.0,11.61,-17912.312,-2720.854,-10316.583,7595.729,7006.035,0.0
PcHex_Cl_X_I,PcHex,phosphine,PcHex_Cl,Cl,X,I,-3081625.913,-4634519.947,-49.091,3.364,3.234,66.445,72.45,2.704,2.749,0.045,-58.911,-75.73,113.135,-63.178,-33.179,-58.95,128.46,-191.92,107.17,56.28,14.6,-17912.312,-2720.854,-10316.583,7595.729,7006.035,0.0
PcHex_I_Au_Br,PcHex,phosphine,PcHex_I,I,Au,Br,-2649868.119,-4838673.875,-53.967,3.354,3.144,62.168,70.621,2.316,2.417,0.101,-76.316,-82.76,139.955,-103.596,-29.957,-76.36,108.38,-183.28,135.67,39.23,3.29,-15786.511,-2820.089,-9303.3,6483.211,6675.04,0.0
PcHex_I_Au_Cl,PcHex,phosphine,PcHex_I,I,Au,Cl,-2649868.119,-5066173.436,-39.411,3.44,3.071,59.183,74.14,2.024,2.122,0.098,-58.702,-61.588,113.01,-87.571,-22.51,-58.66,104.99,-192.65,149.29,38.37,9.03,-15786.511,-2820.089,-9303.3,6483.211,6675.04,0.0
PcHex_I_Au_I,PcHex,phosphine,PcHex_I,I,Au,I,-2649868.119,-4202773.014,-59.951,3.417,3.398,67.094,67.875,2.704,2.787,0.083,-73.387,-87.697,141.21,-90.04,-36.903,-73.43,119.43,-192.31,122.62,50.26,15.44,-15786.511,-2820.089,-9303.3,6483.211,6675.04,0.0
PcHex_I_X_Br,PcHex,phosphine,PcHex_I,I,X,Br,-2649868.119,-4838673.449,-53.542,3.492,3.114,59.324,74.63,2.316,2.416,0.101,-74.057,-78.617,134.474,-101.797,-28.116,-74.06,106.15,-181.57,137.45,37.96,7.12,-15786.511,-2820.089,-9303.3,6483.211,6675.04,0.0
PcHex_I_X_Cl,PcHex,phosphine,PcHex_I,I,X,Cl,-2649868.119,-5066173.42,-39.396,3.446,3.072,59.093,74.297,2.024,2.122,0.098,-59.999,-62.425,112.215,-87.32,-22.426,-59.96,104.11,-187.15,145.63,37.4,8.54,-15786.511,-2820.089,-9303.3,6483.211,6675.04,0.0
PcHex_I_X_I,PcHex,phosphine,PcHex_I,I,X,I,-2649868.119,-4202772.939,-59.876,3.414,3.4,67.196,67.779,2.704,2.786,0.082,-72.467,-86.609,140.331,-89.789,-36.401,-72.47,119.51,-193.64,123.9,50.23,14.21,-15786.511,-2820.089,-9303.3,6483.211,6675.04,0.0
NHC_Br_Au_Br,NHC,N-heterocyclic carbene,NHC_Br,Br,Au,Br,-2044788.783,-4233590.01,-49.438,2.89,3.831,92.234,48.921,2.316,2.407,0.091,-73.094,-85.981,144.013,-112.508,-18.661,-73.14,117.56,-196.9,153.83,25.51,32.46,-15774.937,-2572.323,-9173.63,6601.307,6374.153,0.0
NHC_Br_Au_Cl,NHC,N-heterocyclic carbene,NHC_Br,Br,Au,Cl,-2044788.783,-4461092.442,-37.754,2.798,3.842,94.851,46.527,2.024,2.117,0.093,-60.459,-76.567,138.7,-107.11,-15.439,-60.42,126.72,-229.56,177.28,25.55,38.68,-15774.937,-2572.323,-9173.63,6601.307,6374.153,0.0
NHC_Br_Au_I,NHC,N-heterocyclic carbene,NHC_Br,Br,Au,I,-2044788.783,-3597686.956,-53.229,3.112,3.786,85.59,55.03,2.704,2.776,0.073,-65.521,-87.278,133.386,-91.337,-20.292,-65.52,133.21,-203.58,139.4,30.97,22.67,-15774.937,-2572.323,-9173.63,6601.307,6374.153,0.0
NHC_Br_X_Br,NHC,N-heterocyclic carbene,NHC_Br,Br,X,Br,-2044788.783,-4233584.579,-44.007,3.53,2.993,56.714,80.464,2.316,2.396,0.08,-62.593,-69.329,103.972,-82.257,-14.979,-62.59,110.77,-166.12,131.42,23.93,7.25,-15774.937,-2572.323,-9173.63,6601.307,6374.153,0.0
NHC_Br_X_Cl,NHC,N-heterocyclic carbene,NHC_Br,Br,X,Cl,-2044788.783,-4461086.488,-31.799,3.49,2.966,56.813,79.936,2.024,2.095,0.07,-47.363,-52.593,83.345,-66.567,-11.506,-47.32,111.14,-176.13,140.67,24.32,9.65,-15774.937,-2572.323,-9173.63,6601.307,6374.153,0.0
NHC_Br_X_I,NHC,N-heterocyclic carbene,NHC_Br,Br,X,I,-2044788.783,-3597686.322,-52.595,3.109,3.827,86.872,54.2,2.704,2.775,0.071,-64.978,-85.939,131.545,-90.249,-20.376,-65.02,132.17,-202.31,138.8,31.34,24.05,-15774.937,-2572.323,-9173.63,6601.307,6374.153,0.0
NHC_Cl_Au_Br,NHC,N-heterocyclic carbene,NHC_Cl,Cl,Au,Br,-2158570.716,-4347370.07,-47.565,2.887,3.743,92.055,50.428,2.316,2.403,0.087,-69.873,-84.517,142.967,-110.625,-17.74,-69.91,120.89,-204.5,158.24,25.38,34.66,-16623.9,-2509.167,-9566.534,7057.367,6483.903,0.0
NHC_Cl_Au_Cl,NHC,N-heterocyclic carbene,NHC_Cl,Cl,Au,Cl,-2158570.716,-4574873.237,-36.615,2.8,3.749,94.513,48.122,2.024,2.114,0.09,-57.697,-74.852,136.775,-104.935,-14.686,-57.7,129.73,-237.05,181.86,25.45,37.92,-16623.9,-2509.167,-9566.534,7057.367,6483.903,0.0
NHC_Cl_Au_I,NHC,N-heterocyclic carbene,NHC_Cl,Cl,Au,I,-2158570.716,-3711466.389,-50.729,3.102,3.774,87.593,55.2,2.704,2.773,0.069,-62.551,-85.103,131.503,-89.37,-19.581,-62.55,136.06,-210.24,142.88,31.3,25.25,-16623.9,-2509.167,-9566.534,7057.367,6483.903,0.0
NHC_Cl_X_Br,NHC,N-heterocyclic carbene,NHC_Cl,Cl,X,Br,-2158570.716,-4347362.195,-39.69,3.622,2.888,52.821,87.639,2.316,2.379,0.063,-54.476,-63.764,92.466,-69.078,-14.058,-54.43,117.15,-169.88,126.91,25.83,10.59,-16623.9,-2509.167,-9566.534,7057.367,6483.903,0.0
NHC_Cl_X_Cl,NHC,N-heterocyclic carbene,NHC_Cl,Cl,X,Cl,-2158570.716,-4574864.907,-28.286,3.573,2.887,53.737,86.235,2.024,2.076,0.052,-39.371,-46.275,69.538,-51.882,-10.711,-39.33,117.66,-176.81,131.91,27.23,11.9,-16623.9,-2509.167,-9566.534,7057.367,6483.903,0.0
NHC_Cl_X_I,NHC,N-heterocyclic carbene,NHC_Cl,Cl,X,I,-2158570.716,-3711460.916,-45.255,3.53,3.105,59.983,79.845,2.704,2.763,0.059,-54.518,-73.973,101.378,-64.81,-17.113,-54.52,135.68,-185.95,118.87,31.39,6.38,-16623.9,-2509.167,-9566.534,7057.367,6483.903,0.0
NHC_I_Au_Br,NHC,N-heterocyclic carbene,NHC_I,I,Au,Br,-1726808.907,-3915612.523,-51.827,2.902,3.876,89.942,48.476,2.316,2.413,0.098,-76.107,-88.91,145.854,-113.596,-19.456,-76.11,116.82,-191.64,149.25,25.56,30.95,-14790.232,-2684.632,-8737.432,6052.8,6306.397,0.0
NHC_I_Au_Cl,NHC,N-heterocyclic carbene,NHC_I,I,Au,Cl,-1726808.907,-4143114.167,-39.354,2.802,3.953,94.58,44.954,2.024,2.124,0.1,-63.973,-78.492,139.997,-109.244,-16.234,-63.97,122.7,-218.85,170.77,25.38,36.4,-14790.232,-2684.632,-8737.432,6052.8,6306.397,0.0
NHC_I_Au_I,NHC,N-heterocyclic carbene,NHC_I,I,Au,I,-1726808.907,-3279712.567,-58.716,3.333,3.368,67.765,66.351,2.704,2.811,0.107,-75.019,-105.102,161.837,-108.449,-23.305,-75.02,140.1,-215.73,144.56,31.07,13.81,-14790.232,-2684.632,-8737.432,6052.8,6306.397,0.0
NHC_I_X_Br,NHC,N-heterocyclic carbene,NHC_I,I,X,Br,-1726808.907,-3915616.836,-56.139,3.198,3.068,62.691,67.84,2.316,2.464,0.149,-91.839,-119.118,197.861,-148.072,-22.51,-91.84,129.7,-215.44,161.23,24.51,35.38,-14790.232,-2684.632,-8737.432,6052.8,6306.397,0.0
NHC_I_X_Cl,NHC,N-heterocyclic carbene,NHC_I,I,X,Cl,-1726808.907,-4143115.629,-40.816,3.127,2.956,61.129,67.862,2.024,2.195,0.171,-85.395,-109.412,195.602,-153.511,-18.117,-85.44,128.06,-228.93,179.67,21.2,39.08,-14790.232,-2684.632,-8737.432,6052.8,6306.397,0.0
NHC_I_X_I,NHC,N-heterocyclic carbene,NHC_I,I,X,I,-1726808.907,-3279712.54,-58.688,3.331,3.37,67.839,66.292,2.704,2.81,0.106,-74.852,-104.684,161.712,-108.491,-23.347,-74.81,139.93,-216.16,145.02,31.21,16.18,-14790.232,-2684.632,-8737.432,6052.8,6306.397,0.0
NHCMe2_Br_Au_Br,NHCMe2,N-heterocyclic carbene,NHCMe2_Br,Br,Au,Br,-2251161.102,-4439956.967,-44.076,2.884,4.108,101.407,43.501,2.316,2.4,0.084,-65.312,-77.362,134.432,-100.081,-22.301,-65.31,118.45,-205.84,153.24,34.15,10.56,-15572.538,-2367.78,-8970.159,6602.379,6093.542,0.0
NHCMe2_Br_Au_Cl,NHCMe2,N-heterocyclic carbene,NHCMe2_Br,Br,Au,Cl,-2251161.102,-4667459.371,-32.364,2.84,4.066,101.205,43.245,2.024,2.103,0.079,-51.212,-62.802,115.311,-85.228,-18.493,-51.21,122.64,-225.17,166.43,36.11,15.79,-15572.538,-2367.78,-8970.159,6602.379,6093.542,0.0
NHCMe2_Br_Au_I,NHCMe2,N-heterocyclic carbene,NHCMe2_Br,Br,Au,I,-2251161.102,-3804054.249,-48.203,3.076,4.26,101.236,45.084,2.704,2.777,0.073,-62.551,-81.253,130.457,-85.437,-26.276,-62.51,129.98,-208.7,136.68,42.03,9.33,-15572.538,-2367.78,-8970.159,6602.379,6093.542,0.0
NHCMe2_Br_X_Br,NHCMe2,N-heterocyclic carbene,NHCMe2_Br,Br,X,Br,-2251161.102,-4439963.685,-50.794,3.454,2.951,56.991,79.0,2.316,2.405,0.089,-72.802,-84.391,132.34,-98.91,-21.882,-72.84,115.86,-181.69,135.79,30.04,13.18,-15572.538,-2367.78,-8970.159,6602.379,6093.542,0.0
NHCMe2_Br_X_Cl,NHCMe2,N-heterocyclic carbene,NHCMe2_Br,Br,X,Cl,-2251161.102,-4667464.293,-37.285,3.424,2.921,56.839,78.865,2.024,2.108,0.084,-56.777,-63.639,105.06,-81.128,-17.071,-56.78,112.08,-185.03,142.88,30.07,15.15,-15572.538,-2367.78,-8970.159,6602.379,6093.542,0.0
NHCMe2_Br_X_I,NHCMe2,N-heterocyclic carbene,NHCMe2_Br,Br,X,I,-2251161.102,-3804060.26,-54.214,3.603,3.149,59.109,79.1,2.704,2.78,0.076,-67.279,-86.4,128.072,-85.354,-23.64,-67.32,128.34,-190.24,126.79,35.12,9.94,-15572.538,-2367.78,-8970.159,6602.379,6093.542,0.0
NHCMe2_Cl_Au_Br,NHCMe2,N-heterocyclic carbene,NHCMe2_Cl,Cl,Au,Br,-2364942.903,-4553737.484,-42.792,2.887,4.036,101.971,44.398,2.316,2.397,0.082,-62.969,-76.316,133.219,-98.408,-21.506,-63.01,121.12,-211.43,156.18,34.13,9.63,-16351.701,-2290.764,-9321.232,7030.468,6179.202,0.0
NHCMe2_Cl_Au_Cl,NHCMe2,N-heterocyclic carbene,NHCMe2_Cl,Cl,Au,Cl,-2364942.903,-4781240.101,-31.292,2.843,3.99,101.56,44.281,2.024,2.101,0.077,-49.664,-62.216,113.888,-83.554,-17.824,-49.71,125.16,-229.1,168.08,35.86,15.19,-16351.701,-2290.764,-9321.232,7030.468,6179.202,0.0
NHCMe2_Cl_Au_I,NHCMe2,N-heterocyclic carbene,NHCMe2_Cl,Cl,Au,I,-2364942.903,-3917834.579,-46.732,3.077,4.184,101.564,46.087,2.704,2.775,0.071,-61.003,-80.835,129.453,-84.14,-25.439,-60.96,132.6,-212.36,138.02,41.73,12.7,-16351.701,-2290.764,-9321.232,7030.468,6179.202,0.0
NHCMe2_Cl_X_Br,NHCMe2,N-heterocyclic carbene,NHCMe2_Cl,Cl,X,Br,-2364942.903,-4553739.991,-45.299,3.434,2.884,56.236,81.813,2.316,2.382,0.067,-63.137,-75.981,114.056,-80.709,-20.46,-63.09,120.43,-180.78,127.93,32.43,13.21,-16351.701,-2290.764,-9321.232,7030.468,6179.202,0.0
NHCMe2_Cl_X_Cl,NHCMe2,N-heterocyclic carbene,NHCMe2_Cl,Cl,X,Cl,-2364942.903,-4781241.583,-32.774,3.422,2.875,56.262,81.781,2.024,2.082,0.058,-46.359,-54.559,85.186,-61.045,-15.899,-46.32,117.79,-183.91,131.79,34.32,14.0,-16351.701,-2290.764,-9321.232,7030.468,6179.202,0.0
NHCMe2_Cl_X_I,NHCMe2,N-heterocyclic carbene,NHCMe2_Cl,Cl,X,I,-2364942.903,-3917837.899,-50.051,3.594,3.056,57.515,82.655,2.704,2.765,0.061,-60.208,-80.877,115.478,-72.634,-22.133,-60.17,134.41,-191.92,120.71,36.78,9.96,-16351.701,-2290.764,-9321.232,7030.468,6179.202,0.0
NHCMe2_I_Au_Br,NHCMe2,N-heterocyclic carbene,NHCMe2_I,I,Au,Br,-1933182.088,-4121978.563,-44.687,2.889,4.113,97.479,44.138,2.316,2.403,0.087,-67.195,-78.492,135.06,-100.081,-23.681,-67.19,116.82,-201.01,148.95,35.24,11.66,-14642.844,-2456.942,-8549.893,6092.951,5998.79,0.0
NHCMe2_I_Au_Cl,NHCMe2,N-heterocyclic carbene,NHCMe2_I,I,Au,Cl,-1933182.088,-4349480.595,-32.602,2.836,4.12,99.001,42.833,2.024,2.106,0.082,-53.346,-64.559,117.026,-86.609,-19.163,-53.3,121.12,-219.56,162.49,35.95,16.46,-14642.844,-2456.942,-8549.893,6092.951,5998.79,0.0
NHCMe2_I_Au_I,NHCMe2,N-heterocyclic carbene,NHCMe2_I,I,Au,I,-1933182.088,-3486076.153,-49.121,3.076,4.292,98.447,45.142,2.704,2.78,0.076,-65.229,-83.764,132.173,-86.441,-27.196,-65.23,128.41,-202.63,132.52,41.69,5.04,-14642.844,-2456.942,-8549.893,6092.951,5998.79,0.0
NHCMe2_I_X_Br,NHCMe2,N-heterocyclic carbene,NHCMe2_I,I,X,Br,-1933182.088,-4121991.507,-57.63,3.521,3.058,57.578,76.356,2.316,2.439,0.123,-81.63,-91.922,154.097,-120.792,-23.012,-81.63,112.61,-188.77,147.98,28.19,13.43,-14642.844,-2456.942,-8549.893,6092.951,5998.79,0.0
NHCMe2_I_X_Cl,NHCMe2,N-heterocyclic carbene,NHCMe2_I,I,X,Cl,-1933182.088,-4349491.304,-43.31,3.463,2.987,56.886,76.205,2.024,2.153,0.129,-70.835,-76.902,137.486,-113.052,-18.368,-70.84,108.56,-194.08,159.59,25.93,15.49,-14642.844,-2456.942,-8549.893,6092.951,5998.79,0.0
NHCMe2_I_X_I,NHCMe2,N-heterocyclic carbene,NHCMe2_I,I,X,I,-1933182.088,-3486086.353,-59.321,3.655,3.285,60.545,75.671,2.704,2.803,0.099,-71.714,-89.789,141.754,-98.784,-24.937,-71.76,125.12,-197.54,137.66,34.75,10.08,-14642.844,-2456.942,-8549.893,6092.951,5998.79,0.0
NHCcHex2_Br_Au_Br,NHCcHex2,N-heterocyclic carbene,NHCcHex2_Br,Br,Au,Br,-3276822.288,-5465625.801,-51.724,2.849,4.038,99.886,44.045,2.316,2.409,0.093,-78.952,-91.379,157.653,-113.261,-31.966,-78.95,115.74,-199.69,143.46,40.49,3.44,-15261.187,-1735.077,-8498.132,6763.055,5339.173,0.0
NHCcHex2_Br_Au_Cl,NHCcHex2,N-heterocyclic carbene,NHCcHex2_Br,Br,Au,Cl,-3276822.288,-5693131.654,-43.46,2.788,3.995,100.064,43.416,2.024,2.117,0.093,-63.722,-76.023,140.248,-101.462,-26.443,-63.68,119.38,-220.24,159.33,41.52,6.09,-15261.187,-1735.077,-8498.132,6763.055,5339.173,0.0
NHCcHex2_Br_Au_I,NHCcHex2,N-heterocyclic carbene,NHCcHex2_Br,Br,Au,I,-3276822.288,-4829723.3,-56.067,3.045,4.146,98.2,46.631,2.704,2.783,0.079,-75.019,-93.345,148.699,-94.851,-35.522,-75.02,124.43,-198.21,126.43,47.35,2.94,-15261.187,-1735.077,-8498.132,6763.055,5339.173,0.0
NHCcHex2_Br_X_Br,NHCcHex2,N-heterocyclic carbene,NHCcHex2_Br,Br,X,Br,-3276822.288,-5465635.025,-60.948,3.624,2.919,53.297,84.567,2.316,2.411,0.096,-86.525,-86.944,138.741,-105.228,-33.095,-86.53,100.48,-160.34,121.61,38.25,4.34,-15261.187,-1735.077,-8498.132,6763.055,5339.173,0.0
NHCcHex2_Br_X_Cl,NHCcHex2,N-heterocyclic carbene,NHCcHex2_Br,Br,X,Cl,-3276822.288,-5693133.553,-45.359,3.571,2.875,53.193,84.049,2.024,2.116,0.092,-68.283,-68.952,116.608,-90.625,-25.313,-68.28,100.98,-170.78,132.73,37.07,6.67,-15261.187,-1735.077,-8498.132,6763.055,5339.173,0.0
NHCcHex2_Br_X_I,NHCcHex2,N-heterocyclic carbene,NHCcHex2_Br,Br,X,I,-3276822.288,-4829734.409,-67.176,3.75,3.123,55.88,83.745,2.704,2.785,0.081,-85.228,-88.952,135.269,-91.379,-40.166,-85.23,104.37,-158.71,107.21,47.13,6.0,-15261.187,-1735.077,-8498.132,6763.055,5339.173,0.0
NHCcHex2_Cl_Au_Cl,NHCcHex2,N-heterocyclic carbene,NHCcHex2_Cl,Cl,Au,Cl,-3390603.31,-5806907.444,-38.228,2.785,3.916,100.532,44.361,2.024,2.115,0.091,-62.132,-76.567,141.545,-101.336,-25.773,-62.13,123.24,-227.82,163.1,41.48,6.16,-15974.479,-1687.638,-8831.058,7143.42,5458.701,0.0
NHCcHex2_Cl_X_Br,NHCcHex2,N-heterocyclic carbene,NHCcHex2_Cl,Cl,X,Br,-3390603.31,-5579409.786,-54.687,3.549,2.84,52.986,86.274,2.316,2.391,0.075,-77.99,-81.923,126.943,-90.04,-32.97,-77.99,105.04,-162.77,115.45,42.27,9.05,-15974.479,-1687.638,-8831.058,7143.42,5458.701,0.0
NHCcHex2_Cl_X_Cl,NHCcHex2,N-heterocyclic carbene,NHCcHex2_Cl,Cl,X,Cl,-3390603.31,-5806910.422,-41.206,3.523,2.828,53.199,85.862,2.024,2.09,0.065,-58.074,-60.71,97.822,-70.04,-25.146,-58.07,104.55,-168.46,120.61,43.3,6.87,-15974.479,-1687.638,-8831.058,7143.42,5458.701,0.0
NHCcHex2_Cl_X_I,NHCcHex2,N-heterocyclic carbene,NHCcHex2_Cl,Cl,X,I,-3390603.31,-4943506.224,-57.97,3.604,3.055,57.27,82.985,2.704,2.765,0.061,-71.086,-81.797,118.616,-73.764,-34.141,-71.09,115.06,-166.85,103.76,48.03,2.72,-15974.479,-1687.638,-8831.058,7143.42,5458.701,0.0
NHCcHex2_I_Au_Br,NHCcHex2,N-heterocyclic carbene,NHCcHex2_I,I,Au,Br,-2958843.335,-5147647.595,-52.472,2.909,3.807,87.622,49.765,2.316,2.405,0.09,-77.237,-85.646,146.44,-103.345,-34.685,-77.24,110.88,-189.59,133.8,44.91,1.89,-14382.146,-1847.171,-8114.658,6267.488,5253.115,0.0
NHCcHex2_I_Au_Cl,NHCcHex2,N-heterocyclic carbene,NHCcHex2_I,I,Au,Cl,-2958843.335,-5375148.26,-39.02,2.81,3.968,94.681,44.904,2.024,2.115,0.091,-63.429,-73.68,135.645,-97.111,-28.242,-63.39,116.23,-213.98,153.2,44.55,7.5,-14382.146,-1847.171,-8114.658,6267.488,5253.115,0.0
NHCcHex2_I_Au_I,NHCcHex2,N-heterocyclic carbene,NHCcHex2_I,I,Au,I,-2958843.335,-4511755.208,-66.929,3.574,3.315,62.568,73.121,2.704,2.8,0.097,-81.588,-88.784,141.21,-96.441,-37.572,-81.59,108.82,-173.07,118.2,46.05,6.63,-14382.146,-1847.171,-8114.658,6267.488,5253.115,0.0
NHCcHex2_I_X_Br,NHCcHex2,N-heterocyclic carbene,NHCcHex2_I,I,X,Br,-2958843.335,-5147662.638,-67.515,3.736,3.027,53.499,82.752,2.316,2.446,0.13,-93.763,-95.144,161.628,-126.943,-33.346,-93.8,101.43,-172.31,135.33,35.55,4.21,-14382.146,-1847.171,-8114.658,6267.488,5253.115,0.0
NHCcHex2_I_X_Cl,NHCcHex2,N-heterocyclic carbene,NHCcHex2_I,I,X,Cl,-2958843.335,-5375161.016,-51.776,3.688,2.942,52.384,83.154,2.024,2.165,0.141,-81.462,-82.383,149.955,-123.763,-25.271,-81.46,101.13,-184.08,151.93,31.02,6.35,-14382.146,-1847.171,-8114.658,6267.488,5253.115,0.0
NHCcHex2_I_X_I,NHCcHex2,N-heterocyclic carbene,NHCcHex2_I,I,X,I,-2958843.335,-4511755.239,-66.96,3.579,3.315,62.502,73.241,2.704,2.801,0.097,-81.462,-88.073,140.038,-96.19,-37.238,-81.46,108.12,-171.91,118.08,45.71,6.83,-14382.146,-1847.171,-8114.658,6267.488,5253.115,0.0
NHCPh2_Br_Au_Br,NHCPh2,N-heterocyclic carbene,NHCPh2_Br,Br,Au,Br,-3257801.548,-5446602.533,-49.196,2.881,3.865,93.453,48.069,2.316,2.399,0.083,-72.425,-80.375,141.963,-100.207,-33.765,-72.38,111.05,-196.14,138.45,46.65,5.87,-15359.922,-3844.16,-9602.041,5757.881,8006.347,0.0
NHCPh2_Br_Au_Cl,NHCPh2,N-heterocyclic carbene,NHCPh2_Br,Br,Au,Cl,-3257801.548,-5674103.91,-36.456,2.826,3.964,98.084,44.89,2.024,2.104,0.08,-56.484,-65.731,123.47,-87.446,-26.819,-56.53,116.28,-218.42,154.69,47.44,9.33,-15359.922,-3844.16,-9602.041,5757.881,8006.347,0.0
NHCPh2_Br_Au_I,NHCPh2,N-heterocyclic carbene,NHCPh2_Br,Br,Au,I,-3257801.548,-4810708.419,-61.928,3.737,3.145,56.654,82.995,2.704,2.78,0.076,-78.534,-81.839,124.056,-81.128,-39.622,-78.53,104.21,-157.97,103.31,50.45,8.43,-15359.922,-3844.16,-9602.041,5757.881,8006.347,0.0
NHCPh2_Br_X_Br,NHCPh2,N-heterocyclic carbene,NHCPh2_Br,Br,X,Br,-3257801.548,-5446610.28,-56.943,3.868,2.899,48.487,92.51,2.316,2.411,0.095,-79.245,-82.425,132.842,-101.546,-28.116,-79.24,104.02,-167.65,128.15,35.48,6.77,-15359.922,-3844.16,-9602.041,5757.881,8006.347,0.0
NHCPh2_Br_X_Cl,NHCPh2,N-heterocyclic carbene,NHCPh2_Br,Br,X,Cl,-3257801.548,-5674109.432,-41.979,3.823,2.86,48.367,92.176,2.024,2.114,0.09,-62.342,-64.475,110.123,-86.86,-21.171,-62.38,103.36,-176.54,139.24,33.94,1.35,-15359.922,-3844.16,-9602.041,5757.881,8006.347,0.0
NHCPh2_Br_X_I,NHCPh2,N-heterocyclic carbene,NHCPh2_Br,Br,X,I,-3257801.548,-4810708.417,-61.925,3.72,3.152,57.131,82.367,2.704,2.779,0.075,-79.245,-82.216,122.633,-80.333,-39.33,-79.25,103.74,-154.74,101.37,49.63,8.03,-15359.922,-3844.16,-9602.041,5757.881,8006.347,0.0
NHCPh2_Cl_Au_Br,NHCPh2,N-heterocyclic carbene,NHCPh2_Cl,Cl,Au,Br,-3371582.516,-5560382.455,-48.15,2.875,3.987,100.542,45.152,2.316,2.4,0.084,-71.254,-81.128,142.842,-102.424,-30.543,-71.25,113.86,-200.48,143.75,42.87,2.6,-16117.152,-3824.37,-9970.761,6146.391,8087.354,0.0
NHCPh2_Cl_Au_Cl,NHCPh2,N-heterocyclic carbene,NHCPh2_Cl,Cl,Au,Cl,-3371582.516,-5787884.165,-35.744,2.829,3.945,100.358,44.862,2.024,2.103,0.079,-55.438,-65.521,122.173,-86.86,-25.188,-55.4,118.27,-220.53,156.79,45.47,8.55,-16117.152,-3824.37,-9970.761,6146.391,8087.354,0.0
NHCPh2_Cl_Au_I,NHCPh2,N-heterocyclic carbene,NHCPh2_Cl,Cl,Au,I,-3371582.516,-4924486.054,-58.594,3.682,3.051,55.682,85.487,2.704,2.764,0.061,-72.132,-79.329,117.026,-70.793,-39.037,-72.13,109.98,-162.24,98.15,54.12,8.62,-16117.152,-3824.37,-9970.761,6146.391,8087.354,0.0
NHCPh2_Cl_X_Br,NHCPh2,N-heterocyclic carbene,NHCPh2_Cl,Cl,X,Br,-3371582.516,-5560386.639,-52.334,3.749,2.83,48.934,93.007,2.316,2.387,0.071,-70.208,-75.186,117.738,-83.262,-29.497,-70.21,107.09,-167.69,118.59,42.01,7.96,-16117.152,-3824.37,-9970.761,6146.391,8087.354,0.0
NHCPh2_Cl_X_Cl,NHCPh2,N-heterocyclic carbene,NHCPh2_Cl,Cl,X,Cl,-3371582.516,-5787886.863,-38.441,3.768,2.812,48.084,94.256,2.024,2.091,0.067,-53.095,-55.94,90.04,-66.986,-20.209,-53.1,105.35,-169.57,126.15,38.06,6.0,-16117.152,-3824.37,-9970.761,6146.391,8087.354,0.0
NHCPh2_Cl_X_I,NHCPh2,N-heterocyclic carbene,NHCPh2_Cl,Cl,X,I,-3371582.516,-4924486.097,-58.637,3.69,3.053,55.584,85.686,2.704,2.765,0.061,-71.17,-77.948,115.813,-70.291,-38.702,-71.13,109.59,-162.82,98.82,54.41,8.45,-16117.152,-3824.37,-9970.761,6146.391,8087.354,0.0
NHCPh2_I_Au_Br,NHCPh2,N-heterocyclic carbene,NHCPh2_I,I,Au,Br,-2939822.836,-5128635.774,-61.15,3.78,3.048,53.259,83.66,2.316,2.435,0.119,-82.927,-83.931,145.52,-113.47,-31.087,-82.97,101.16,-175.39,136.76,37.47,6.52,-14455.305,-3915.032,-9185.168,5270.137,8004.281,0.0
NHCPh2_I_Au_Cl,NHCPh2,N-heterocyclic carbene,NHCPh2_I,I,Au,Cl,-2939822.836,-5356126.127,-37.386,2.835,4.01,95.473,44.743,2.024,2.105,0.081,-57.739,-66.107,123.093,-86.316,-28.368,-57.7,114.57,-213.33,149.59,49.16,9.98,-14455.305,-3915.032,-9185.168,5270.137,8004.281,0.0
NHCPh2_I_Au_I,NHCPh2,N-heterocyclic carbene,NHCPh2_I,I,Au,I,-2939822.836,-4492734.46,-66.68,3.838,3.283,57.552,80.533,2.704,2.801,0.097,-80.626,-82.676,133.595,-92.132,-39.455,-80.67,102.49,-165.61,114.21,48.91,7.32,-14455.305,-3915.032,-9185.168,5270.137,8004.281,0.0
NHCPh2_I_X_Br,NHCPh2,N-heterocyclic carbene,NHCPh2_I,I,X,Br,-2939822.836,-5128638.289,-63.664,4.006,3.01,48.717,90.836,2.316,2.446,0.13,-85.479,-91.63,157.402,-123.344,-27.907,-85.48,107.19,-184.14,144.3,32.65,8.61,-14455.305,-3915.032,-9185.168,5270.137,8004.281,0.0
NHCPh2_I_X_Cl,NHCPh2,N-heterocyclic carbene,NHCPh2_I,I,X,Cl,-2939822.836,-5356139.325,-50.584,3.694,2.928,51.966,83.655,2.024,2.168,0.144,-79.663,-82.969,152.214,-126.399,-22.468,-79.62,104.21,-191.18,158.75,28.22,11.34,-14455.305,-3915.032,-9185.168,5270.137,8004.281,0.0
NHCPh2_I_X_I,NHCPh2,N-heterocyclic carbene,NHCPh2_I,I,X,I,-2939822.836,-4492734.437,-66.657,3.856,3.279,57.164,81.08,2.704,2.802,0.099,-79.914,-82.132,134.097,-92.634,-39.246,-79.91,102.78,-167.81,115.92,49.11,7.47,-14455.305,-3915.032,-9185.168,5270.137,8004.281,0.0
CNMe_Br_Au_Br,CNMe,isocyanide,CNMe_Br,Br,Au,Br,-1799378.677,-3988156.139,-25.672,3.047,3.913,91.336,51.117,2.316,2.36,0.045,-38.451,-39.497,73.848,-57.153,-15.606,-38.41,102.83,-192.26,148.8,40.63,13.38,-17256.675,-3512.305,-10384.49,6872.185,7845.949,0.0
CNMe_Br_Au_Cl,CNMe,isocyanide,CNMe_Br,Br,Au,Cl,-1799378.677,-4215668.138,-23.555,3.67,3.044,55.566,83.816,2.024,2.071,0.047,-32.803,-36.526,59.413,-45.271,-10.376,-32.76,111.5,-181.36,138.19,31.67,14.13,-17256.675,-3512.305,-10384.49,6872.185,7845.949,0.0
CNMe_Br_Au_I,CNMe,isocyanide,CNMe_Br,Br,Au,I,-1799378.677,-3352259.58,-35.959,3.591,3.286,62.805,76.422,2.704,2.753,0.05,-44.141,-56.61,83.262,-54.476,-16.318,-44.14,128.25,-188.63,123.42,36.97,12.68,-17256.675,-3512.305,-10384.49,6872.185,7845.949,0.0
CNMe_Br_X_Br,CNMe,isocyanide,CNMe_Br,Br,X,Br,-1799378.677,-3988163.718,-33.251,3.697,3.038,54.904,84.642,2.316,2.373,0.058,-46.359,-52.007,81.714,-62.383,-13.682,-46.36,112.18,-176.26,134.56,29.51,4.98,-17256.675,-3512.305,-10384.49,6872.185,7845.949,0.0
CNMe_Br_X_Cl,CNMe,isocyanide,CNMe_Br,Br,X,Cl,-1799378.677,-4215668.184,-23.601,3.707,3.028,54.483,85.255,2.024,2.072,0.048,-33.095,-37.489,61.17,-46.652,-10.125,-33.1,113.26,-184.8,140.94,30.59,8.52,-17256.675,-3512.305,-10384.49,6872.185,7845.949,0.0
CNMe_Br_X_I,CNMe,isocyanide,CNMe_Br,Br,X,I,-1799378.677,-3352259.759,-36.138,3.677,3.265,60.709,79.179,2.704,2.755,0.051,-44.476,-54.476,80.291,-53.848,-16.443,-44.48,122.47,-180.51,121.06,36.97,12.41,-17256.675,-3512.305,-10384.49,6872.185,7845.949,0.0
CNMe_Cl_Au_Br,CNMe,isocyanide,CNMe_Cl,Cl,Au,Br,-1913160.849,-4101936.612,-23.974,3.05,3.958,95.209,50.118,2.316,2.358,0.042,-35.731,-36.401,70.584,-55.145,-14.77,-35.73,101.88,-197.55,154.34,41.34,8.78,-18342.259,-3476.798,-10909.528,7432.73,8006.332,0.0
CNMe_Cl_Au_Cl,CNMe,isocyanide,CNMe_Cl,Cl,Au,Cl,-1913160.849,-4329443.49,-16.735,3.057,4.033,97.486,48.717,2.024,2.056,0.032,-23.64,-25.439,51.589,-38.116,-11.673,-23.64,107.61,-218.23,161.24,49.38,5.32,-18342.259,-3476.798,-10909.528,7432.73,8006.332,0.0
CNMe_Cl_Au_I,CNMe,isocyanide,CNMe_Cl,Cl,Au,I,-1913160.849,-3466039.076,-33.283,3.7,3.164,58.234,83.842,2.704,2.743,0.039,-39.371,-51.547,73.011,-44.852,-15.941,-39.33,131.06,-185.64,114.04,40.53,12.49,-18342.259,-3476.798,-10909.528,7432.73,8006.332,0.0
CNMe_Cl_X_Br,CNMe,isocyanide,CNMe_Cl,Cl,X,Br,-1913160.849,-4101942.597,-29.959,3.644,2.968,54.419,86.827,2.316,2.359,0.044,-40.71,-48.367,71.756,-50.417,-13.682,-40.71,118.81,-176.26,123.84,33.61,13.51,-18342.259,-3476.798,-10909.528,7432.73,8006.332,0.0
CNMe_Cl_X_Cl,CNMe,isocyanide,CNMe_Cl,Cl,X,Cl,-1913160.849,-4329447.99,-21.235,3.694,3.003,54.302,87.662,2.024,2.056,0.032,-26.819,-30.878,46.442,-32.342,-10.042,-26.82,115.13,-173.16,120.59,37.44,14.9,-18342.259,-3476.798,-10909.528,7432.73,8006.332,0.0
CNMe_Cl_X_I,CNMe,isocyanide,CNMe_Cl,Cl,X,I,-1913160.849,-3466039.048,-33.255,3.747,3.154,57.06,85.475,2.704,2.744,0.04,-39.622,-51.045,71.881,-44.601,-15.857,-39.62,128.84,-181.43,112.57,40.02,5.6,-18342.259,-3476.798,-10909.528,7432.73,8006.332,0.0
CNMe_I_Au_Br,CNMe,isocyanide,CNMe_I,I,Au,Br,-1481398.098,-3670188.377,-38.49,3.712,3.151,56.745,80.092,2.316,2.398,0.082,-51.212,-57.404,98.115,-77.948,-13.975,-51.21,112.1,-191.59,152.21,27.29,4.22,-16051.424,-3609.468,-9830.446,6220.978,7767.08,0.0
CNMe_I_Au_Cl,CNMe,isocyanide,CNMe_I,I,Au,Cl,-1481398.098,-3897691.506,-27.503,3.768,3.112,54.942,82.462,2.024,2.099,0.075,-39.246,-43.806,78.576,-64.099,-9.916,-39.25,111.61,-200.19,163.31,25.26,11.42,-16051.424,-3609.468,-9830.446,6220.978,7767.08,0.0
CNMe_I_Au_I,CNMe,isocyanide,CNMe_I,I,Au,I,-1481398.098,-3034283.566,-40.524,3.67,3.399,63.08,74.302,2.704,2.771,0.067,-47.907,-58.325,92.215,-64.978,-16.862,-47.95,121.64,-192.31,135.51,35.17,12.29,-16051.424,-3609.468,-9830.446,6220.978,7767.08,0.0
CNMe_I_X_Br,CNMe,isocyanide,CNMe_I,I,X,Br,-1481398.098,-3670188.358,-38.471,3.721,3.148,56.538,80.405,2.316,2.398,0.082,-51.254,-57.739,98.491,-78.115,-13.891,-51.25,112.66,-192.18,152.42,27.1,10.15,-16051.424,-3609.468,-9830.446,6220.978,7767.08,0.0
CNMe_I_X_Cl,CNMe,isocyanide,CNMe_I,I,X,Cl,-1481398.098,-3897691.497,-27.493,3.779,3.112,54.795,82.726,2.024,2.099,0.075,-39.079,-43.514,78.115,-63.806,-9.832,-39.04,111.46,-200.09,163.44,25.18,5.82,-16051.424,-3609.468,-9830.446,6220.978,7767.08,0.0
CNMe_I_X_I,CNMe,isocyanide,CNMe_I,I,X,I,-1481398.098,-3034283.563,-40.521,3.623,3.404,63.997,73.047,2.704,2.771,0.067,-47.656,-59.873,94.809,-65.814,-16.82,-47.7,125.52,-198.76,137.97,35.26,3.24,-16051.424,-3609.468,-9830.446,6220.978,7767.08,0.0
CNCMe_Br_Au_Br,CNCMe,isocyanide,CNCMe_Br,Br,Au,Br,-1902579.797,-4091359.879,-28.292,3.045,4.099,97.275,47.47,2.316,2.363,0.047,-43.848,-43.723,81.965,-61.045,-21.046,-43.85,99.71,-186.92,139.21,48.0,11.56,-17141.723,-3414.284,-10278.004,6863.72,7695.344,0.0
CNCMe_Br_Au_Cl,CNCMe,isocyanide,CNCMe_Br,Br,Au,Cl,-1902579.797,-4318865.031,-19.328,3.026,4.087,97.364,47.238,2.024,2.063,0.039,-29.037,-30.836,61.17,-44.518,-14.853,-29.04,106.18,-210.64,153.3,51.15,6.17,-17141.723,-3414.284,-10278.004,6863.72,7695.344,0.0
CNCMe_Br_Au_I,CNCMe,isocyanide,CNCMe_Br,Br,Au,I,-1902579.797,-3455457.086,-32.344,3.239,4.057,90.991,52.964,2.704,2.745,0.041,-43.514,-49.664,83.011,-52.174,-24.686,-43.51,114.14,-190.79,119.91,56.74,11.69,-17141.723,-3414.284,-10278.004,6863.72,7695.344,0.0
CNCMe_Br_X_Br,CNCMe,isocyanide,CNCMe_Br,Br,X,Br,-1902579.797,-4091365.403,-33.817,3.566,3.057,57.712,80.45,2.316,2.374,0.058,-47.823,-54.015,84.057,-63.346,-14.518,-47.82,112.95,-175.78,132.47,30.36,7.57,-17141.723,-3414.284,-10278.004,6863.72,7695.344,0.0
CNCMe_Br_X_Cl,CNCMe,isocyanide,CNCMe_Br,Br,X,Cl,-1902579.797,-4318869.89,-24.187,3.696,3.02,54.504,85.077,2.024,2.074,0.05,-34.1,-38.493,62.844,-48.2,-10.251,-34.1,112.88,-184.29,141.35,30.06,4.68,-17141.723,-3414.284,-10278.004,6863.72,7695.344,0.0
CNCMe_Br_X_I,CNCMe,isocyanide,CNCMe_Br,Br,X,I,-1902579.797,-3455461.433,-36.692,3.699,3.253,60.011,80.042,2.704,2.756,0.052,-45.313,-55.187,81.128,-54.769,-16.443,-45.27,121.91,-179.21,120.98,36.32,4.56,-17141.723,-3414.284,-10278.004,6863.72,7695.344,0.0
CNCMe_Cl_Au_Br,CNCMe,isocyanide,CNCMe_Cl,Cl,Au,Br,-2016361.936,-4205140.44,-26.715,3.064,4.089,99.199,47.705,2.316,2.358,0.043,-40.752,-40.376,77.069,-57.237,-20.209,-40.75,99.08,-189.13,140.46,49.59,12.08,-18217.019,-3398.138,-10807.578,7409.441,7882.089,0.0
CNCMe_Cl_Au_Cl,CNCMe,isocyanide,CNCMe_Cl,Cl,Au,Cl,-2016361.936,-4432646.686,-18.844,3.103,4.22,102.568,45.859,2.024,2.055,0.031,-27.112,-26.527,52.969,-37.196,-16.359,-27.11,97.85,-195.39,137.2,60.34,11.49,-18217.019,-3398.138,-10807.578,7409.441,7882.089,0.0
CNCMe_Cl_Au_I,CNCMe,isocyanide,CNCMe_Cl,Cl,Au,I,-2016361.936,-3569237.058,-30.178,3.257,4.11,94.511,52.193,2.704,2.74,0.036,-40.166,-45.313,77.571,-48.032,-24.435,-40.21,112.69,-192.91,119.45,60.77,10.69,-18217.019,-3398.138,-10807.578,7409.441,7882.089,0.0
CNCMe_Cl_X_Br,CNCMe,isocyanide,CNCMe_Cl,Cl,X,Br,-2016361.936,-4205144.369,-30.644,3.672,2.958,53.608,87.941,2.316,2.36,0.044,-41.045,-48.576,72.634,-51.505,-13.598,-41.04,118.36,-176.98,125.5,33.13,10.06,-18217.019,-3398.138,-10807.578,7409.441,7882.089,0.0
CNCMe_Cl_X_Cl,CNCMe,isocyanide,CNCMe_Cl,Cl,X,Cl,-2016361.936,-4432649.634,-21.792,3.692,2.96,53.294,88.589,2.024,2.059,0.035,-28.2,-34.016,52.007,-36.192,-9.958,-28.16,120.8,-184.68,128.52,35.36,8.94,-18217.019,-3398.138,-10807.578,7409.441,7882.089,0.0
CNCMe_Cl_X_I,CNCMe,isocyanide,CNCMe_Cl,Cl,X,I,-2016361.936,-3569241.044,-34.164,3.696,3.154,58.053,83.945,2.704,2.745,0.041,-40.292,-52.928,75.019,-46.317,-16.108,-40.33,131.24,-186.01,114.85,39.94,6.05,-18217.019,-3398.138,-10807.578,7409.441,7882.089,0.0
CNCMe_I_Au_Br,CNCMe,isocyanide,CNCMe_I,I,Au,Br,-1584599.234,-3773390.355,-39.333,3.698,3.144,56.82,79.855,2.316,2.4,0.084,-52.426,-58.869,100.583,-79.956,-14.184,-52.43,112.28,-191.84,152.5,27.05,8.53,-15947.116,-3504.518,-9725.817,6221.299,7602.232,0.0
CNCMe_I_Au_Cl,CNCMe,isocyanide,CNCMe_I,I,Au,Cl,-1584599.234,-4000886.384,-21.245,3.055,4.228,97.418,45.752,2.024,2.064,0.04,-32.761,-32.719,61.923,-44.016,-17.991,-32.8,99.75,-188.79,134.2,54.85,12.64,-15947.116,-3504.518,-9725.817,6221.299,7602.232,0.0
CNCMe_I_Au_I,CNCMe,isocyanide,CNCMe_I,I,Au,I,-1584599.234,-3137485.844,-41.666,3.632,3.394,63.6,73.456,2.704,2.774,0.07,-49.162,-60.877,96.232,-67.446,-17.113,-49.2,123.73,-195.59,137.09,34.78,4.62,-15947.116,-3504.518,-9725.817,6221.299,7602.232,0.0
CNCMe_I_X_Br,CNCMe,isocyanide,CNCMe_I,I,X,Br,-1584599.234,-3773389.824,-38.801,3.699,3.15,56.938,79.778,2.316,2.397,0.082,-51.923,-58.325,98.868,-78.366,-14.058,-51.88,112.42,-190.57,151.05,27.1,8.92,-15947.116,-3504.518,-9725.817,6221.299,7602.232,0.0
CNCMe_I_X_Cl,CNCMe,isocyanide,CNCMe_I,I,X,Cl,-1584599.234,-4000893.347,-28.208,3.732,3.106,55.416,81.57,2.024,2.101,0.077,-40.71,-45.271,80.835,-66.065,-10.251,-40.75,111.09,-198.37,162.12,25.16,11.3,-15947.116,-3504.518,-9725.817,6221.299,7602.232,0.0
CNCMe_I_X_I,CNCMe,isocyanide,CNCMe_I,I,X,I,-1584599.234,-3137485.016,-40.838,3.668,3.394,62.988,74.356,2.704,2.771,0.068,-47.99,-58.953,93.471,-65.647,-16.862,-47.99,122.84,-194.77,136.79,35.14,10.04,-15947.116,-3504.518,-9725.817,6221.299,7602.232,0.0
CNiPr_Br_Au_Br,CNiPr,isocyanide,CNiPr_Br,Br,Au,Br,-2005783.095,-4194563.629,-28.746,3.045,4.101,97.316,47.437,2.316,2.363,0.048,-44.727,-44.225,82.425,-61.463,-21.464,-44.73,98.87,-184.27,137.41,47.99,9.01,-17051.061,-3285.615,-10168.338,6882.723,7511.206,0.0
CNiPr_Br_Au_Cl,CNiPr,isocyanide,CNiPr_Br,Br,Au,Cl,-2005783.095,-4422069.02,-20.02,3.068,4.216,100.459,45.692,2.024,2.059,0.035,-29.916,-29.497,58.032,-41.38,-17.113,-29.96,98.45,-193.7,138.12,57.12,3.79,-17051.061,-3285.615,-10168.338,6882.723,7511.206,0.0
CNiPr_Br_Au_I,CNiPr,isocyanide,CNiPr_Br,Br,Au,I,-2005783.095,-3558660.978,-32.94,3.229,4.037,90.59,53.127,2.704,2.745,0.041,-44.392,-50.961,84.893,-53.304,-25.02,-44.39,114.8,-191.24,120.08,56.36,5.85,-17051.061,-3285.615,-10168.338,6882.723,7511.206,0.0
CNiPr_Br_X_Br,CNiPr,isocyanide,CNiPr_Br,Br,X,Br,-2005783.095,-4194569.298,-34.414,3.619,3.038,56.312,82.34,2.316,2.375,0.06,-48.827,-54.978,85.312,-64.852,-14.351,-48.87,112.5,-174.57,132.7,29.37,5.17,-17051.061,-3285.615,-10168.338,6882.723,7511.206,0.0
CNiPr_Br_X_Cl,CNiPr,isocyanide,CNiPr_Br,Br,X,Cl,-2005783.095,-4422073.454,-24.453,3.701,3.017,54.338,85.269,2.024,2.075,0.051,-34.769,-39.037,63.304,-48.869,-10.209,-34.81,112.14,-181.86,140.39,29.33,12.04,-17051.061,-3285.615,-10168.338,6882.723,7511.206,0.0
CNiPr_Br_X_I,CNiPr,isocyanide,CNiPr_Br,Br,X,I,-2005783.095,-3558665.25,-37.211,3.646,3.26,61.142,78.419,2.704,2.757,0.053,-45.982,-57.112,83.68,-55.94,-16.61,-45.98,124.21,-181.99,121.66,36.12,2.81,-17051.061,-3285.615,-10168.338,6882.723,7511.206,0.0
CNiPr_Cl_Au_Br,CNiPr,isocyanide,CNiPr_Cl,Cl,Au,Br,-2119565.263,-4308344.132,-27.08,3.049,4.062,98.705,47.893,2.316,2.36,0.045,-41.087,-40.92,78.115,-58.869,-19.414,-41.09,99.59,-190.11,143.27,47.25,4.92,-18117.998,-3249.25,-10683.624,7434.374,7676.492,0.0
CNiPr_Cl_Au_Cl,CNiPr,isocyanide,CNiPr_Cl,Cl,Au,Cl,-2119565.263,-4535850.325,-19.157,3.097,4.207,102.285,45.987,2.024,2.056,0.032,-27.824,-27.196,53.974,-37.949,-16.694,-27.86,97.62,-193.73,136.21,59.92,6.41,-18117.998,-3249.25,-10683.624,7434.374,7676.492,0.0
CNiPr_Cl_Au_I,CNiPr,isocyanide,CNiPr_Cl,Cl,Au,I,-2119565.263,-3672440.951,-30.744,3.232,4.11,95.204,51.543,2.704,2.742,0.038,-40.501,-45.104,78.576,-50.919,-23.096,-40.54,111.26,-193.82,125.6,56.97,3.89,-18117.998,-3249.25,-10683.624,7434.374,7676.492,0.0
CNiPr_Cl_X_Br,CNiPr,isocyanide,CNiPr_Cl,Cl,X,Br,-2119565.263,-4308348.05,-30.998,3.685,2.953,53.22,88.449,2.316,2.361,0.045,-41.631,-49.162,73.22,-52.174,-13.514,-41.63,118.09,-175.88,125.33,32.46,10.39,-18117.998,-3249.25,-10683.624,7434.374,7676.492,0.0
CNiPr_Cl_X_Cl,CNiPr,isocyanide,CNiPr_Cl,Cl,X,Cl,-2119565.263,-4535853.217,-22.049,3.689,2.956,53.224,88.605,2.024,2.06,0.036,-28.619,-34.518,52.76,-36.903,-10.0,-28.66,120.44,-184.09,128.76,34.89,1.21,-18117.998,-3249.25,-10683.624,7434.374,7676.492,0.0
CNiPr_Cl_X_I,CNiPr,isocyanide,CNiPr_Cl,Cl,X,I,-2119565.263,-3672444.687,-34.48,3.674,3.158,58.592,83.185,2.704,2.745,0.041,-40.71,-53.43,75.647,-46.735,-16.192,-40.71,131.25,-185.82,114.8,39.77,9.88,-18117.998,-3249.25,-10683.624,7434.374,7676.492,0.0
CNiPr_I_Au_Br,CNiPr,isocyanide,CNiPr_I,I,Au,Br,-1687802.58,-3876593.782,-39.413,3.623,3.154,58.251,77.665,2.316,2.399,0.084,-53.137,-59.789,101.629,-80.291,-14.728,-53.18,112.43,-191.1,150.98,27.69,10.27,-15864.456,-3377.991,-9621.224,6243.232,7413.464,0.0
CNiPr_I_Au_Cl,CNiPr,isocyanide,CNiPr_I,I,Au,Cl,-1687802.58,-4104090.035,-21.55,3.052,4.235,97.653,45.594,2.024,2.064,0.04,-33.012,-32.761,62.383,-44.476,-18.2,-33.05,99.13,-188.75,134.57,55.07,2.75,-15864.456,-3377.991,-9621.224,6243.232,7413.464,0.0
CNiPr_I_Au_I,CNiPr,isocyanide,CNiPr_I,I,Au,I,-1687802.58,-3240689.601,-42.077,3.617,3.395,63.88,73.051,2.704,2.774,0.07,-49.204,-61.379,97.404,-68.032,-17.196,-49.2,124.75,-197.98,138.28,34.95,0.66,-15864.456,-3377.991,-9621.224,6243.232,7413.464,0.0
CNiPr_I_X_Br,CNiPr,isocyanide,CNiPr_I,I,X,Br,-1687802.58,-3876593.729,-39.36,3.804,3.135,54.858,82.901,2.316,2.4,0.084,-51.756,-58.45,99.579,-79.705,-13.18,-51.76,112.93,-192.39,153.99,25.46,1.9,-15864.456,-3377.991,-9621.224,6243.232,7413.464,0.0
CNiPr_I_X_Cl,CNiPr,isocyanide,CNiPr_I,I,X,Cl,-1687802.58,-4104096.975,-28.489,3.76,3.099,54.787,82.476,2.024,2.102,0.078,-40.878,-45.522,81.797,-67.111,-10.042,-40.88,111.36,-200.09,164.17,24.56,7.76,-15864.456,-3377.991,-9621.224,6243.232,7413.464,0.0
CNiPr_I_X_I,CNiPr,isocyanide,CNiPr_I,I,X,I,-1687802.58,-3240688.872,-41.348,3.671,3.388,62.817,74.525,2.704,2.774,0.07,-49.036,-60.04,94.6,-66.651,-16.945,-49.04,122.43,-192.9,135.91,34.55,8.92,-15864.456,-3377.991,-9621.224,6243.232,7413.464,0.0
CNtBu_Br_Au_Br,CNtBu,isocyanide,CNtBu_Br,Br,Au,Br,-2108986.046,-4297766.75,-28.915,3.032,4.092,97.357,47.297,2.316,2.365,0.049,-43.932,-43.472,81.672,-62.551,-19.581,-43.93,98.96,-185.91,142.39,44.57,5.18,-16967.329,-2868.813,-9918.071,7049.258,6977.198,0.0
CNtBu_Br_Au_Cl,CNtBu,isocyanide,CNtBu_Br,Br,Au,Cl,-2108986.046,-4525272.257,-20.306,3.071,4.239,101.115,45.305,2.024,2.06,0.036,-30.041,-29.497,57.781,-41.38,-16.987,-30.08,98.06,-192.09,137.57,56.47,5.96,-16967.329,-2868.813,-9918.071,7049.258,6977.198,0.0
CNtBu_Br_Au_I,CNtBu,isocyanide,CNtBu_Br,Br,Au,I,-2108986.046,-3661864.466,-33.476,3.222,3.973,88.841,54.176,2.704,2.746,0.042,-46.401,-53.89,88.282,-54.978,-25.815,-46.4,116.14,-190.26,118.49,55.64,3.02,-16967.329,-2868.813,-9918.071,7049.258,6977.198,0.0
CNtBu_Br_X_Br,CNtBu,isocyanide,CNtBu_Br,Br,X,Br,-2108986.046,-4297772.473,-34.638,3.731,3.02,53.848,85.991,2.316,2.377,0.062,-48.409,-54.225,84.893,-65.521,-13.556,-48.41,112.01,-175.36,135.35,28.0,3.96,-16967.329,-2868.813,-9918.071,7049.258,6977.198,0.0
CNtBu_Br_X_Cl,CNtBu,isocyanide,CNtBu_Br,Br,X,Cl,-2108986.046,-4525276.62,-24.668,3.683,3.022,54.763,84.64,2.024,2.075,0.051,-34.895,-38.869,63.095,-48.744,-10.376,-34.89,111.4,-180.84,139.71,29.74,2.37,-16967.329,-2868.813,-9918.071,7049.258,6977.198,0.0
CNtBu_Br_X_I,CNtBu,isocyanide,CNtBu_Br,Br,X,I,-2108986.046,-3661868.707,-37.717,3.697,3.244,59.828,80.128,2.704,2.757,0.053,-46.819,-56.902,83.136,-56.4,-16.652,-46.82,121.53,-177.57,120.46,35.57,8.56,-16967.329,-2868.813,-9918.071,7049.258,6977.198,0.0
CNtBu_Cl_Au_Br,CNtBu,isocyanide,CNtBu_Cl,Cl,Au,Br,-2222768.22,-4411547.52,-27.511,3.053,4.098,99.796,47.239,2.316,2.36,0.045,-42.175,-41.673,78.827,-59.329,-20.0,-42.18,98.8,-186.88,140.66,47.42,2.52,-18028.979,-2823.875,-10426.427,7602.552,7149.598,0.0
CNtBu_Cl_Au_Cl,CNtBu,isocyanide,CNtBu_Cl,Cl,Au,Cl,-2222768.22,-4639053.508,-19.383,3.091,4.216,102.774,45.632,2.024,2.057,0.033,-27.991,-27.363,54.308,-38.744,-16.192,-27.99,97.76,-194.03,138.42,57.85,5.45,-18028.979,-2823.875,-10426.427,7602.552,7149.598,0.0
CNtBu_Cl_Au_I,CNtBu,isocyanide,CNtBu_Cl,Cl,Au,I,-2222768.22,-3775644.361,-31.198,3.224,4.126,95.909,51.009,2.704,2.743,0.04,-41.129,-45.815,79.789,-52.091,-23.012,-41.13,111.39,-193.99,126.65,55.95,11.28,-18028.979,-2823.875,-10426.427,7602.552,7149.598,0.0
CNtBu_Cl_X_Br,CNtBu,isocyanide,CNtBu_Cl,Cl,X,Br,-2222768.22,-4411551.27,-31.261,3.684,2.951,53.197,88.44,2.316,2.361,0.046,-42.049,-49.622,73.722,-52.635,-13.556,-42.09,117.89,-175.15,125.05,32.21,2.52,-18028.979,-2823.875,-10426.427,7602.552,7149.598,0.0
CNtBu_Cl_X_Cl,CNtBu,isocyanide,CNtBu_Cl,Cl,X,Cl,-2222768.22,-4639056.344,-22.218,3.678,2.958,53.492,88.181,2.024,2.06,0.036,-28.87,-34.644,52.844,-37.028,-10.083,-28.91,119.83,-182.79,128.08,34.88,5.6,-18028.979,-2823.875,-10426.427,7602.552,7149.598,0.0
CNtBu_Cl_X_I,CNtBu,isocyanide,CNtBu_Cl,Cl,X,I,-2222768.22,-3775647.937,-34.774,3.716,3.145,57.429,84.715,2.704,2.746,0.042,-41.296,-53.639,75.563,-47.154,-16.108,-41.34,129.75,-182.78,114.06,38.96,8.95,-18028.979,-2823.875,-10426.427,7602.552,7149.598,0.0
CNtBu_I_Au_Br,CNtBu,isocyanide,CNtBu_I,I,Au,Br,-1791005.596,-3979797.362,-39.976,3.624,3.151,58.161,77.73,2.316,2.4,0.085,-54.015,-60.542,102.634,-81.295,-14.811,-54.01,112.09,-190.03,150.52,27.42,1.16,-15790.226,-2983.123,-9386.675,6403.552,6879.75,0.0
CNtBu_I_Au_Cl,CNtBu,isocyanide,CNtBu_I,I,Au,Cl,-1791005.596,-4207293.269,-21.767,3.049,4.238,97.819,45.468,2.024,2.065,0.041,-33.514,-33.054,63.22,-44.978,-18.702,-33.51,98.64,-188.66,134.22,55.81,4.89,-15790.226,-2983.123,-9386.675,6403.552,6879.75,0.0
CNtBu_I_Au_I,CNtBu,isocyanide,CNtBu_I,I,Au,I,-1791005.596,-3343892.807,-42.267,3.644,3.386,63.215,73.889,2.704,2.776,0.072,-49.873,-61.379,97.152,-68.408,-17.196,-49.83,123.18,-194.97,137.28,34.51,1.85,-15790.226,-2983.123,-9386.675,6403.552,6879.75,0.0
CNtBu_I_X_Br,CNtBu,isocyanide,CNtBu_I,I,X,Br,-1791005.596,-3979797.41,-40.025,3.705,3.14,56.61,80.082,2.316,2.4,0.085,-53.681,-60.082,101.629,-81.086,-14.184,-53.72,111.84,-189.18,150.94,26.4,4.16,-15790.226,-2983.123,-9386.675,6403.552,6879.75,0.0
CNtBu_I_X_Cl,CNtBu,isocyanide,CNtBu_I,I,X,Cl,-1791005.596,-4207300.197,-28.695,3.769,3.095,54.554,82.763,2.024,2.103,0.079,-41.254,-46.024,82.676,-67.906,-10.0,-41.25,111.57,-200.43,164.62,24.24,0.99,-15790.226,-2983.123,-9386.675,6403.552,6879.75,0.0
CNtBu_I_X_I,CNtBu,isocyanide,CNtBu_I,I,X,I,-1791005.596,-3343892.796,-42.256,3.624,3.392,63.691,73.262,2.704,2.775,0.071,-49.915,-61.923,97.487,-68.241,-17.238,-49.92,124.04,-195.29,136.7,34.53,2.06,-15790.226,-2983.123,-9386.675,6403.552,6879.75,0.0
CNcHex_Br_Au_Br,CNcHex,isocyanide,CNcHex_Br,Br,Au,Br,-2312209.524,-4500999.001,-37.688,3.01,3.955,93.526,49.436,2.316,2.367,0.052,-55.271,-52.509,99.537,-70.417,-31.84,-55.23,95.07,-180.22,127.5,57.65,14.94,-16998.764,-3307.405,-10153.084,6845.679,7529.21,0.0
CNcHex_Br_Au_Cl,CNcHex,isocyanide,CNcHex_Br,Br,Au,Cl,-2312209.524,-4728502.956,-27.526,3.01,4.046,96.406,47.674,2.024,2.065,0.041,-39.497,-38.033,75.103,-50.543,-26.024,-39.5,96.29,-190.13,127.96,65.88,16.14,-16998.764,-3307.405,-10153.084,6845.679,7529.21,0.0
CNcHex_Br_Au_I,CNcHex,isocyanide,CNcHex_Br,Br,Au,I,-2312209.524,-3865099.39,-44.921,3.427,3.349,67.411,70.88,2.704,2.755,0.051,-56.442,-65.563,101.504,-62.551,-29.874,-56.48,116.08,-179.72,110.75,52.89,11.48,-16998.764,-3307.405,-10153.084,6845.679,7529.21,0.0
CNcHex_Br_X_Br,CNcHex,isocyanide,CNcHex_Br,Br,X,Br,-2312209.524,-4500999.618,-38.304,3.353,3.109,62.759,73.541,2.316,2.376,0.061,-57.781,-61.881,98.366,-69.036,-25.188,-57.74,107.17,-170.36,119.56,43.62,12.24,-16998.764,-3307.405,-10153.084,6845.679,7529.21,0.0
CNcHex_Br_X_Cl,CNcHex,isocyanide,CNcHex_Br,Br,X,Cl,-2312209.524,-4728501.003,-25.573,3.603,3.025,56.283,82.26,2.024,2.076,0.052,-36.275,-40.208,65.354,-49.957,-11.422,-36.23,110.98,-180.39,137.89,31.53,2.8,-16998.764,-3307.405,-10153.084,6845.679,7529.21,0.0
CNcHex_Br_X_I,CNcHex,isocyanide,CNcHex_Br,Br,X,I,-2312209.524,-3865099.395,-44.926,3.418,3.365,67.986,70.348,2.704,2.754,0.051,-57.279,-65.898,100.416,-61.714,-30.041,-57.24,115.13,-175.43,107.82,52.48,12.05,-16998.764,-3307.405,-10153.084,6845.679,7529.21,0.0
CNcHex_Cl_Au_Br,CNcHex,isocyanide,CNcHex_Cl,Cl,Au,Br,-2425991.587,-4614779.378,-36.003,3.017,3.943,95.561,49.608,2.316,2.364,0.048,-53.137,-51.087,96.65,-67.613,-31.087,-53.14,96.14,-181.88,127.24,58.5,16.4,-18041.482,-3248.464,-10644.973,7396.509,7660.063,0.0
CNcHex_Cl_Au_Cl,CNcHex,isocyanide,CNcHex_Cl,Cl,Au,Cl,-2425991.587,-4842283.976,-26.484,3.025,4.052,99.001,47.497,2.024,2.062,0.038,-37.07,-35.815,71.505,-47.781,-24.978,-37.07,96.61,-192.89,128.89,67.38,5.17,-18041.482,-3248.464,-10644.973,7396.509,7660.063,0.0
CNcHex_Cl_Au_I,CNcHex,isocyanide,CNcHex_Cl,Cl,Au,I,-2425991.587,-3978877.535,-41.004,3.207,3.93,90.114,54.697,2.704,2.744,0.04,-51.923,-54.852,96.065,-58.534,-34.602,-51.92,105.65,-185.03,112.74,66.64,13.8,-18041.482,-3248.464,-10644.973,7396.509,7660.063,0.0
CNcHex_Cl_X_Br,CNcHex,isocyanide,CNcHex_Cl,Cl,X,Br,-2425991.587,-4614775.816,-32.44,3.57,2.968,55.85,84.493,2.316,2.361,0.045,-43.974,-51.38,75.898,-53.597,-14.895,-43.97,116.85,-172.61,121.89,33.88,3.48,-18041.482,-3248.464,-10644.973,7396.509,7660.063,0.0
CNcHex_Cl_X_Cl,CNcHex,isocyanide,CNcHex_Cl,Cl,X,Cl,-2425991.587,-4842280.528,-23.035,3.633,2.962,54.479,86.68,2.024,2.061,0.037,-29.706,-35.187,53.764,-37.572,-10.711,-29.71,118.43,-180.96,126.46,36.05,1.9,-18041.482,-3248.464,-10644.973,7396.509,7660.063,0.0
CNcHex_Cl_X_I,CNcHex,isocyanide,CNcHex_Cl,Cl,X,I,-2425991.587,-3978877.311,-40.78,3.409,3.295,67.377,72.751,2.704,2.742,0.038,-50.668,-61.003,92.09,-52.174,-29.581,-50.67,120.39,-181.74,102.97,58.38,13.52,-18041.482,-3248.464,-10644.973,7396.509,7660.063,0.0
CNcHex_I_Au_Br,CNcHex,isocyanide,CNcHex_I,I,Au,Br,-1994229.105,-4183026.186,-45.292,3.4,3.178,62.409,71.493,2.316,2.405,0.089,-64.601,-68.91,119.16,-89.538,-25.271,-64.56,106.74,-184.57,138.69,39.14,5.17,-15817.089,-3391.065,-9604.077,6213.012,7422.993,0.0
CNcHex_I_Au_Cl,CNcHex,isocyanide,CNcHex_I,I,Au,Cl,-1994229.105,-4410524.222,-29.212,2.998,4.043,93.081,47.754,2.024,2.072,0.048,-42.677,-41.087,79.119,-54.141,-26.568,-42.68,96.27,-185.38,126.85,62.25,14.16,-15817.089,-3391.065,-9604.077,6213.012,7422.993,0.0
CNcHex_I_Au_I,CNcHex,isocyanide,CNcHex_I,I,Au,I,-1994229.105,-3547124.963,-50.914,3.456,3.445,67.8,68.256,2.704,2.775,0.071,-62.132,-71.546,115.939,-75.647,-30.92,-62.17,115.08,-186.49,121.68,49.73,13.37,-15817.089,-3391.065,-9604.077,6213.012,7422.993,0.0
CNcHex_I_X_Br,CNcHex,isocyanide,CNcHex_I,I,X,Br,-1994229.105,-4183026.255,-45.361,3.401,3.182,62.485,71.455,2.316,2.404,0.088,-64.768,-68.534,118.993,-89.161,-26.066,-64.77,105.81,-183.72,137.66,40.24,9.38,-15817.089,-3391.065,-9604.077,6213.012,7422.993,0.0
CNcHex_I_X_Cl,CNcHex,isocyanide,CNcHex_I,I,X,Cl,-1994229.105,-4410524.881,-29.871,3.64,3.104,56.854,79.12,2.024,2.105,0.081,-43.137,-46.944,84.642,-69.245,-11.59,-43.14,108.82,-196.2,160.51,26.87,2.91,-15817.089,-3391.065,-9604.077,6213.012,7422.993,0.0
CNcHex_I_X_I,CNcHex,isocyanide,CNcHex_I,I,X,I,-1994229.105,-3547124.995,-50.946,3.465,3.443,67.621,68.497,2.704,2.776,0.072,-62.342,-70.961,114.893,-75.354,-30.92,-62.34,113.83,-184.3,120.88,49.6,14.65,-15817.089,-3391.065,-9604.077,6213.012,7422.993,0.0
CNPh_Br_Au_Br,CNPh,isocyanide,CNPh_Br,Br,Au,Br,-2302703.798,-4491483.533,-27.946,3.056,4.081,96.409,48.093,2.316,2.362,0.046,-44.727,-43.179,81.462,-60.501,-22.51,-44.73,96.53,-182.12,135.26,50.32,14.36,-17230.17,-6222.442,-11726.306,5503.864,12491.792,0.0
CNPh_Br_Au_Cl,CNPh,isocyanide,CNPh_Br,Br,Au,Cl,-2302703.798,-4718989.154,-19.45,3.123,4.32,102.454,44.906,2.024,2.055,0.031,-28.409,-26.108,51.672,-36.526,-17.489,-28.45,91.77,-181.62,128.39,61.47,12.51,-17230.17,-6222.442,-11726.306,5503.864,12491.792,0.0
CNPh_Br_Au_I,CNPh,isocyanide,CNPh_Br,Br,Au,I,-2302703.798,-3855581.331,-32.588,3.245,4.014,89.558,53.945,2.704,2.744,0.04,-45.898,-50.794,85.312,-53.346,-27.029,-45.86,110.76,-186.03,116.32,58.94,13.43,-17230.17,-6222.442,-11726.306,5503.864,12491.792,0.0
CNPh_Br_X_Br,CNPh,isocyanide,CNPh_Br,Br,X,Br,-2302703.798,-4491488.99,-33.403,3.678,3.041,55.321,84.023,2.316,2.374,0.058,-46.275,-51.589,81.546,-62.3,-13.975,-46.32,111.38,-176.05,134.5,30.17,5.58,-17230.17,-6222.442,-11726.306,5503.864,12491.792,0.0
CNPh_Br_X_Cl,CNPh,isocyanide,CNPh_Br,Br,X,Cl,-2302703.798,-4718993.303,-23.599,3.717,3.031,54.39,85.483,2.024,2.072,0.048,-32.552,-36.526,59.957,-45.857,-10.125,-32.55,112.22,-184.2,140.88,31.11,2.18,-17230.17,-6222.442,-11726.306,5503.864,12491.792,0.0
CNPh_Br_X_I,CNPh,isocyanide,CNPh_Br,Br,X,I,-2302703.798,-3855585.091,-36.348,3.633,3.267,61.57,77.932,2.704,2.754,0.05,-44.518,-55.94,82.969,-54.852,-16.652,-44.48,125.76,-186.53,123.32,37.44,5.36,-17230.17,-6222.442,-11726.306,5503.864,12491.792,0.0
CNPh_Cl_Au_Br,CNPh,isocyanide,CNPh_Cl,Cl,Au,Br,-2416486.04,-4605264.15,-26.321,3.091,4.143,100.31,47.223,2.316,2.357,0.041,-41.254,-38.869,73.973,-54.978,-21.38,-41.25,94.23,-179.33,133.28,51.83,13.1,-18248.239,-6209.725,-12228.982,6019.257,12422.463,0.0
CNPh_Cl_Au_Cl,CNPh,isocyanide,CNPh_Cl,Cl,Au,Cl,-2416486.04,-4832770.498,-18.552,3.175,4.337,104.573,45.105,2.024,2.05,0.026,-26.736,-23.807,47.237,-32.133,-18.075,-26.78,88.9,-176.39,119.99,67.49,16.78,-18248.239,-6209.725,-12228.982,6019.257,12422.463,0.0
CNPh_Cl_Au_I,CNPh,isocyanide,CNPh_Cl,Cl,Au,I,-2416486.04,-3969361.16,-30.175,3.262,4.19,97.012,50.602,2.704,2.74,0.036,-40.417,-42.217,75.145,-48.953,-24.393,-40.42,104.45,-185.91,121.11,60.35,7.64,-18248.239,-6209.725,-12228.982,6019.257,12422.463,0.0
CNPh_Cl_X_Br,CNPh,isocyanide,CNPh_Cl,Cl,X,Br,-2416486.04,-4605267.868,-30.038,3.665,2.968,54.001,87.491,2.316,2.358,0.043,-39.957,-47.07,70.793,-49.957,-13.682,-39.92,117.91,-177.34,125.14,34.27,5.17,-18248.239,-6209.725,-12228.982,6019.257,12422.463,0.0
CNPh_Cl_X_Cl,CNPh,isocyanide,CNPh_Cl,Cl,X,Cl,-2416486.04,-4832773.257,-21.311,3.696,2.972,53.499,88.469,2.024,2.058,0.034,-26.987,-32.468,49.999,-34.518,-10.0,-26.99,120.3,-185.25,127.89,37.05,3.59,-18248.239,-6209.725,-12228.982,6019.257,12422.463,0.0
CNPh_Cl_X_I,CNPh,isocyanide,CNPh_Cl,Cl,X,I,-2416486.04,-3969364.441,-33.457,3.708,3.161,57.998,84.157,2.704,2.743,0.039,-39.413,-51.254,72.885,-44.894,-16.15,-39.41,130.05,-184.94,113.92,40.98,5.53,-18248.239,-6209.725,-12228.982,6019.257,12422.463,0.0
CNPh_I_Au_Br,CNPh,isocyanide,CNPh_I,I,Au,Br,-1984723.277,-4173509.583,-34.518,3.276,3.262,66.449,67.022,2.316,2.396,0.08,-55.815,-66.693,111.713,-81.044,-19.79,-55.81,119.5,-200.17,145.21,35.46,9.06,-16050.995,-6262.451,-11156.723,4894.272,12716.137,0.0
CNPh_I_Au_Cl,CNPh,isocyanide,CNPh_I,I,Au,Cl,-1984723.277,-4401010.078,-20.895,3.071,4.261,98.033,45.543,2.024,2.063,0.039,-32.259,-31.087,59.748,-42.551,-18.368,-32.26,96.36,-185.21,131.9,56.94,15.09,-16050.995,-6262.451,-11156.723,4894.272,12716.137,0.0
CNPh_I_Au_I,CNPh,isocyanide,CNPh_I,I,Au,I,-1984723.277,-3537608.087,-39.866,3.385,3.491,70.135,65.77,2.704,2.773,0.069,-53.43,-72.676,115.646,-72.634,-23.807,-53.47,135.92,-216.28,135.84,44.52,15.07,-16050.995,-6262.451,-11156.723,4894.272,12716.137,0.0
CNPh_I_X_Br,CNPh,isocyanide,CNPh_I,I,X,Br,-1984723.277,-4173513.626,-38.56,3.626,3.163,58.43,77.581,2.316,2.397,0.082,-51.714,-57.697,98.617,-77.864,-14.77,-51.71,111.58,-190.71,150.58,28.56,6.77,-16050.995,-6262.451,-11156.723,4894.272,12716.137,0.0
CNPh_I_X_Cl,CNPh,isocyanide,CNPh_I,I,X,Cl,-1984723.277,-4401016.668,-27.486,3.768,3.111,54.927,82.494,2.024,2.099,0.075,-38.911,-43.472,78.492,-63.89,-10.0,-38.87,111.84,-201.93,164.37,25.73,5.32,-16050.995,-6262.451,-11156.723,4894.272,12716.137,0.0
CNPh_I_X_I,CNPh,isocyanide,CNPh_I,I,X,I,-1984723.277,-3537609.106,-40.885,3.596,3.41,64.605,72.273,2.704,2.771,0.067,-47.907,-60.25,95.604,-66.065,-17.154,-47.86,125.89,-199.76,138.04,35.84,6.82,-16050.995,-6262.451,-11156.723,4894.272,12716.137,0.0
